local_time,action,safe_node_tms_enable,source
2026-05-19 15:36:06,set_enable,1,dashboard
2026-05-19 15:37:49,no_safe_node_fallback_hold,SIM1,19,5,20->22->19->17->18->4,19->22->20->23->25->26->29->5,"[4, 17, 18, 19, 20, 22]","[[17, 18], [18, 4], [19, 17], [20, 22], [22, 19]]","{""type"": ""edge_time_overlap"", ""agv_a"": ""REAL"", ""agv_b"": ""SIM1"", ""edge_a"": ""22->19"", ""edge_b"": ""19->22"", ""u"": 22, ""v"": 19, ""physical_edge"": ""19-22"", ""direction"": ""opposite"", ""a_enter_s"": 9.05349063873291, ""a_exit_s"": 26.510497093200684, ""b_enter_s"": 0.0, ""b_exit_s"": 14.138858795166016, ""priority_a"": 1, ""priority_b"": 3, ""severity"": 1.0}"
2026-05-19 15:37:52,no_safe_node_fallback_hold,SIM1,19,5,20->22->19->17->18->4,19->22->20->23->25->26->29->5,"[4, 17, 18, 19, 20, 22]","[[17, 18], [18, 4], [19, 17], [20, 22], [22, 19]]","{""type"": ""edge_time_overlap"", ""agv_a"": ""REAL"", ""agv_b"": ""SIM1"", ""edge_a"": ""22->19"", ""edge_b"": ""19->22"", ""u"": 22, ""v"": 19, ""physical_edge"": ""19-22"", ""direction"": ""opposite"", ""a_enter_s"": 9.05349063873291, ""a_exit_s"": 26.510497093200684, ""b_enter_s"": 0.0, ""b_exit_s"": 14.138858795166016, ""priority_a"": 1, ""priority_b"": 3, ""severity"": 1.0}"
2026-05-19 15:37:54,no_safe_node_fallback_hold,SIM1,19,5,20->22->19->17->18->4,19->22->20->23->25->26->29->5,"[4, 17, 18, 19, 20, 22]","[[17, 18], [18, 4], [19, 17], [20, 22], [22, 19]]","{""type"": ""edge_time_overlap"", ""agv_a"": ""REAL"", ""agv_b"": ""SIM1"", ""edge_a"": ""22->19"", ""edge_b"": ""19->22"", ""u"": 22, ""v"": 19, ""physical_edge"": ""19-22"", ""direction"": ""opposite"", ""a_enter_s"": 9.05349063873291, ""a_exit_s"": 26.510497093200684, ""b_enter_s"": 0.0, ""b_exit_s"": 14.138858795166016, ""priority_a"": 1, ""priority_b"": 3, ""severity"": 1.0}"
2026-05-19 15:37:57,no_safe_node_fallback_hold,SIM1,19,5,20->22->19->17->18->4,19->22->20->23->25->26->29->5,"[4, 17, 18, 19, 20, 22]","[[17, 18], [18, 4], [19, 17], [20, 22], [22, 19]]","{""type"": ""edge_time_overlap"", ""agv_a"": ""REAL"", ""agv_b"": ""SIM1"", ""edge_a"": ""22->19"", ""edge_b"": ""19->22"", ""u"": 22, ""v"": 19, ""physical_edge"": ""19-22"", ""direction"": ""opposite"", ""a_enter_s"": 9.05349063873291, ""a_exit_s"": 26.510497093200684, ""b_enter_s"": 0.0, ""b_exit_s"": 14.138858795166016, ""priority_a"": 1, ""priority_b"": 3, ""severity"": 1.0}"
2026-05-19 15:38:00,no_safe_node_fallback_hold,SIM1,19,5,22->19->17->18->4,19->22->20->23->25->26->29->5,"[4, 17, 18, 19, 22]","[[17, 18], [18, 4], [19, 17], [22, 19]]","{""type"": ""edge_time_overlap"", ""agv_a"": ""REAL"", ""agv_b"": ""SIM1"", ""edge_a"": ""22->19"", ""edge_b"": ""19->22"", ""u"": 22, ""v"": 19, ""physical_edge"": ""19-22"", ""direction"": ""opposite"", ""a_enter_s"": 0.0, ""a_exit_s"": 17.457006454467773, ""b_enter_s"": 0.0, ""b_exit_s"": 14.138858795166016, ""priority_a"": 1, ""priority_b"": 3, ""severity"": 1.0}"
2026-05-19 15:38:02,no_safe_node_fallback_hold,SIM1,19,5,22->19->17->18->4,19->22->20->23->25->26->29->5,"[4, 17, 18, 19, 22]","[[17, 18], [18, 4], [19, 17], [22, 19]]","{""type"": ""edge_time_overlap"", ""agv_a"": ""REAL"", ""agv_b"": ""SIM1"", ""edge_a"": ""22->19"", ""edge_b"": ""19->22"", ""u"": 22, ""v"": 19, ""physical_edge"": ""19-22"", ""direction"": ""opposite"", ""a_enter_s"": 0.0, ""a_exit_s"": 17.457006454467773, ""b_enter_s"": 0.0, ""b_exit_s"": 14.138858795166016, ""priority_a"": 1, ""priority_b"": 3, ""severity"": 1.0}"
2026-05-19 15:38:04,no_safe_node_fallback_hold,SIM1,19,5,22->19->17->18->4,19->22->20->23->25->26->29->5,"[4, 17, 18, 19, 22]","[[17, 18], [18, 4], [19, 17], [22, 19]]","{""type"": ""edge_time_overlap"", ""agv_a"": ""REAL"", ""agv_b"": ""SIM1"", ""edge_a"": ""22->19"", ""edge_b"": ""19->22"", ""u"": 22, ""v"": 19, ""physical_edge"": ""19-22"", ""direction"": ""opposite"", ""a_enter_s"": 0.0, ""a_exit_s"": 17.457006454467773, ""b_enter_s"": 0.0, ""b_exit_s"": 14.138858795166016, ""priority_a"": 1, ""priority_b"": 3, ""severity"": 1.0}"
2026-05-19 15:38:06,no_safe_node_fallback_hold,SIM1,19,5,22->19->17->18->4,19->22->20->23->25->26->29->5,"[4, 17, 18, 19, 22]","[[17, 18], [18, 4], [19, 17], [22, 19]]","{""type"": ""edge_time_overlap"", ""agv_a"": ""REAL"", ""agv_b"": ""SIM1"", ""edge_a"": ""22->19"", ""edge_b"": ""19->22"", ""u"": 22, ""v"": 19, ""physical_edge"": ""19-22"", ""direction"": ""opposite"", ""a_enter_s"": 0.0, ""a_exit_s"": 17.457006454467773, ""b_enter_s"": 0.0, ""b_exit_s"": 14.138858795166016, ""priority_a"": 1, ""priority_b"": 3, ""severity"": 1.0}"
2026-05-19 15:38:07,no_safe_node_fallback_hold,SIM1,19,5,22->19->17->18->4,19->22->20->23->25->26->29->5,"[4, 17, 18, 19, 22]","[[17, 18], [18, 4], [19, 17], [22, 19]]","{""type"": ""edge_time_overlap"", ""agv_a"": ""REAL"", ""agv_b"": ""SIM1"", ""edge_a"": ""22->19"", ""edge_b"": ""19->22"", ""u"": 22, ""v"": 19, ""physical_edge"": ""19-22"", ""direction"": ""opposite"", ""a_enter_s"": 0.0, ""a_exit_s"": 17.457006454467773, ""b_enter_s"": 0.0, ""b_exit_s"": 14.138858795166016, ""priority_a"": 1, ""priority_b"": 3, ""severity"": 1.0}"
2026-05-19 15:38:09,no_safe_node_fallback_hold,SIM1,19,5,22->19->17->18->4,19->22->20->23->25->26->29->5,"[4, 17, 18, 19, 22]","[[17, 18], [18, 4], [19, 17], [22, 19]]","{""type"": ""edge_time_overlap"", ""agv_a"": ""REAL"", ""agv_b"": ""SIM1"", ""edge_a"": ""22->19"", ""edge_b"": ""19->22"", ""u"": 22, ""v"": 19, ""physical_edge"": ""19-22"", ""direction"": ""opposite"", ""a_enter_s"": 0.0, ""a_exit_s"": 17.457006454467773, ""b_enter_s"": 0.0, ""b_exit_s"": 14.138858795166016, ""priority_a"": 1, ""priority_b"": 3, ""severity"": 1.0}"
2026-05-19 15:38:11,no_safe_node_fallback_hold,SIM1,19,5,19->17->18->4,19->22->20->23->25->26->29->5,"[4, 17, 18, 19]","[[17, 18], [18, 4], [19, 17]]","{""type"": ""future_coordinate_distance"", ""agv_a"": ""REAL"", ""agv_b"": ""SIM1"", ""t_s"": 0.0, ""distance_m"": 0.5707176426274143, ""edge_a"": ""19->17"", ""edge_b"": ""19->22"", ""severity"": 0.8}"
2026-05-19 15:38:13,no_safe_node_fallback_hold,SIM1,19,5,19->17->18->4,19->22->20->23->25->26->29->5,"[4, 17, 18, 19]","[[17, 18], [18, 4], [19, 17]]","{""type"": ""future_coordinate_distance"", ""agv_a"": ""REAL"", ""agv_b"": ""SIM1"", ""t_s"": 0.0, ""distance_m"": 0.5707176426274143, ""edge_a"": ""19->17"", ""edge_b"": ""19->22"", ""severity"": 0.8}"
2026-05-19 15:38:15,no_safe_node_fallback_hold,SIM1,19,5,19->17->18->4,19->22->20->23->25->26->29->5,"[4, 17, 18, 19]","[[17, 18], [18, 4], [19, 17]]","{""type"": ""future_coordinate_distance"", ""agv_a"": ""REAL"", ""agv_b"": ""SIM1"", ""t_s"": 0.0, ""distance_m"": 0.5707176426274143, ""edge_a"": ""19->17"", ""edge_b"": ""19->22"", ""severity"": 0.8}"
2026-05-19 15:38:17,no_safe_node_fallback_hold,SIM1,19,5,19->17->18->4,19->22->20->23->25->26->29->5,"[4, 17, 18, 19]","[[17, 18], [18, 4], [19, 17]]","{""type"": ""future_coordinate_distance"", ""agv_a"": ""REAL"", ""agv_b"": ""SIM1"", ""t_s"": 0.0, ""distance_m"": 0.5707176426274143, ""edge_a"": ""19->17"", ""edge_b"": ""19->22"", ""severity"": 0.8}"
2026-05-19 15:38:18,no_safe_node_fallback_hold,SIM1,19,5,19->17->18->4,19->22->20->23->25->26->29->5,"[4, 17, 18, 19]","[[17, 18], [18, 4], [19, 17]]","{""type"": ""future_coordinate_distance"", ""agv_a"": ""REAL"", ""agv_b"": ""SIM1"", ""t_s"": 0.0, ""distance_m"": 0.5707176426274143, ""edge_a"": ""19->17"", ""edge_b"": ""19->22"", ""severity"": 0.8}"
2026-05-19 15:38:20,no_safe_node_fallback_hold,SIM1,19,5,19->17->18->4,19->22->20->23->25->26->29->5,"[4, 17, 18, 19]","[[17, 18], [18, 4], [19, 17]]","{""type"": ""future_coordinate_distance"", ""agv_a"": ""REAL"", ""agv_b"": ""SIM1"", ""t_s"": 0.0, ""distance_m"": 0.5707176426274143, ""edge_a"": ""19->17"", ""edge_b"": ""19->22"", ""severity"": 0.8}"
2026-05-19 15:38:22,no_safe_node_fallback_hold,SIM1,19,5,19->17->18->4,19->22->20->23->25->26->29->5,"[4, 17, 18, 19]","[[17, 18], [18, 4], [19, 17]]","{""type"": ""future_coordinate_distance"", ""agv_a"": ""REAL"", ""agv_b"": ""SIM1"", ""t_s"": 0.0, ""distance_m"": 0.5707176426274143, ""edge_a"": ""19->17"", ""edge_b"": ""19->22"", ""severity"": 0.8}"
2026-05-19 15:38:23,no_safe_node_fallback_hold,SIM1,19,5,19->17->18->4,19->22->20->23->25->26->29->5,"[4, 17, 18, 19]","[[17, 18], [18, 4], [19, 17]]","{""type"": ""future_coordinate_distance"", ""agv_a"": ""REAL"", ""agv_b"": ""SIM1"", ""t_s"": 0.0, ""distance_m"": 0.5707176426274143, ""edge_a"": ""19->17"", ""edge_b"": ""19->22"", ""severity"": 0.8}"
2026-05-19 15:38:25,no_safe_node_fallback_hold,SIM1,19,5,19->17->18->4,19->22->20->23->25->26->29->5,"[4, 17, 18, 19]","[[17, 18], [18, 4], [19, 17]]","{""type"": ""future_coordinate_distance"", ""agv_a"": ""REAL"", ""agv_b"": ""SIM1"", ""t_s"": 0.0, ""distance_m"": 0.5707176426274143, ""edge_a"": ""19->17"", ""edge_b"": ""19->22"", ""severity"": 0.8}"
2026-05-19 15:38:27,no_safe_node_fallback_hold,SIM1,19,5,19->17->18->4,19->22->20->23->25->26->29->5,"[4, 17, 18, 19]","[[17, 18], [18, 4], [19, 17]]","{""type"": ""future_coordinate_distance"", ""agv_a"": ""REAL"", ""agv_b"": ""SIM1"", ""t_s"": 0.0, ""distance_m"": 0.5707176426274143, ""edge_a"": ""19->17"", ""edge_b"": ""19->22"", ""severity"": 0.8}"
2026-05-19 15:38:29,no_safe_node_fallback_hold,SIM1,19,5,19->17->18->4,19->22->20->23->25->26->29->5,"[4, 17, 18, 19]","[[17, 18], [18, 4], [19, 17]]","{""type"": ""future_coordinate_distance"", ""agv_a"": ""REAL"", ""agv_b"": ""SIM1"", ""t_s"": 0.0, ""distance_m"": 0.5707176426274143, ""edge_a"": ""19->17"", ""edge_b"": ""19->22"", ""severity"": 0.8}"
2026-05-19 15:38:30,no_safe_node_fallback_hold,SIM1,19,5,19->17->18->4,19->22->20->23->25->26->29->5,"[4, 17, 18, 19]","[[17, 18], [18, 4], [19, 17]]","{""type"": ""future_coordinate_distance"", ""agv_a"": ""REAL"", ""agv_b"": ""SIM1"", ""t_s"": 0.0, ""distance_m"": 0.5707176426274143, ""edge_a"": ""19->17"", ""edge_b"": ""19->22"", ""severity"": 0.8}"
2026-05-19 15:38:32,no_safe_node_fallback_hold,SIM1,19,5,19->17->18->4,19->22->20->23->25->26->29->5,"[4, 17, 18, 19]","[[17, 18], [18, 4], [19, 17]]","{""type"": ""future_coordinate_distance"", ""agv_a"": ""REAL"", ""agv_b"": ""SIM1"", ""t_s"": 0.0, ""distance_m"": 0.5707176426274143, ""edge_a"": ""19->17"", ""edge_b"": ""19->22"", ""severity"": 0.8}"
2026-05-19 15:38:34,no_safe_node_fallback_hold,SIM1,19,5,19->17->18->4,19->22->20->23->25->26->29->5,"[4, 17, 18, 19]","[[17, 18], [18, 4], [19, 17]]","{""type"": ""future_coordinate_distance"", ""agv_a"": ""REAL"", ""agv_b"": ""SIM1"", ""t_s"": 0.0, ""distance_m"": 0.5707176426274143, ""edge_a"": ""19->17"", ""edge_b"": ""19->22"", ""severity"": 0.8}"
2026-05-19 15:38:35,no_safe_node_fallback_hold,SIM1,19,5,19->17->18->4,19->22->20->23->25->26->29->5,"[4, 17, 18, 19]","[[17, 18], [18, 4], [19, 17]]","{""type"": ""future_coordinate_distance"", ""agv_a"": ""REAL"", ""agv_b"": ""SIM1"", ""t_s"": 0.0, ""distance_m"": 0.5707176426274143, ""edge_a"": ""19->17"", ""edge_b"": ""19->22"", ""severity"": 0.8}"
2026-05-19 15:38:37,no_safe_node_fallback_hold,SIM1,19,5,19->17->18->4,19->22->20->23->25->26->29->5,"[4, 17, 18, 19]","[[17, 18], [18, 4], [19, 17]]","{""type"": ""future_coordinate_distance"", ""agv_a"": ""REAL"", ""agv_b"": ""SIM1"", ""t_s"": 0.0, ""distance_m"": 0.5707176426274143, ""edge_a"": ""19->17"", ""edge_b"": ""19->22"", ""severity"": 0.8}"
2026-05-19 15:38:39,set_enable,1,dashboard
2026-05-19 15:38:39,no_safe_node_fallback_hold,SIM1,19,5,19->17->18->4,19->22->20->23->25->26->29->5,"[4, 17, 18, 19]","[[17, 18], [18, 4], [19, 17]]","{""type"": ""future_coordinate_distance"", ""agv_a"": ""REAL"", ""agv_b"": ""SIM1"", ""t_s"": 0.0, ""distance_m"": 0.5707176426274143, ""edge_a"": ""19->17"", ""edge_b"": ""19->22"", ""severity"": 0.8}"
2026-05-19 15:38:40,no_safe_node_fallback_hold,SIM1,19,5,19->17->18->4,19->22->20->23->25->26->29->5,"[4, 17, 18, 19]","[[17, 18], [18, 4], [19, 17]]","{""type"": ""future_coordinate_distance"", ""agv_a"": ""REAL"", ""agv_b"": ""SIM1"", ""t_s"": 0.0, ""distance_m"": 0.5707176426274143, ""edge_a"": ""19->17"", ""edge_b"": ""19->22"", ""severity"": 0.8}"
2026-05-19 15:38:42,no_safe_node_fallback_hold,SIM1,19,5,19->17->18->4,19->22->20->23->25->26->29->5,"[4, 17, 18, 19]","[[17, 18], [18, 4], [19, 17]]","{""type"": ""future_coordinate_distance"", ""agv_a"": ""REAL"", ""agv_b"": ""SIM1"", ""t_s"": 0.0, ""distance_m"": 0.5707176426274143, ""edge_a"": ""19->17"", ""edge_b"": ""19->22"", ""severity"": 0.8}"
2026-05-19 15:38:44,no_safe_node_fallback_hold,SIM1,19,5,19->17->18->4,19->22->20->23->25->26->29->5,"[4, 17, 18, 19]","[[17, 18], [18, 4], [19, 17]]","{""type"": ""future_coordinate_distance"", ""agv_a"": ""REAL"", ""agv_b"": ""SIM1"", ""t_s"": 0.0, ""distance_m"": 0.5707176426274143, ""edge_a"": ""19->17"", ""edge_b"": ""19->22"", ""severity"": 0.8}"
2026-05-19 15:38:45,no_safe_node_fallback_hold,SIM1,19,5,19->17->18->4,19->22->20->23->25->26->29->5,"[4, 17, 18, 19]","[[17, 18], [18, 4], [19, 17]]","{""type"": ""future_coordinate_distance"", ""agv_a"": ""REAL"", ""agv_b"": ""SIM1"", ""t_s"": 0.0, ""distance_m"": 0.5707176426274143, ""edge_a"": ""19->17"", ""edge_b"": ""19->22"", ""severity"": 0.8}"
2026-05-19 15:38:47,no_safe_node_fallback_hold,SIM1,19,5,19->17->18->4,19->22->20->23->25->26->29->5,"[4, 17, 18, 19]","[[17, 18], [18, 4], [19, 17]]","{""type"": ""future_coordinate_distance"", ""agv_a"": ""REAL"", ""agv_b"": ""SIM1"", ""t_s"": 0.0, ""distance_m"": 0.5707176426274143, ""edge_a"": ""19->17"", ""edge_b"": ""19->22"", ""severity"": 0.8}"
2026-05-19 15:38:49,no_safe_node_fallback_hold,SIM1,19,5,19->17->18->4,19->22->20->23->25->26->29->5,"[4, 17, 18, 19]","[[17, 18], [18, 4], [19, 17]]","{""type"": ""future_coordinate_distance"", ""agv_a"": ""REAL"", ""agv_b"": ""SIM1"", ""t_s"": 0.0, ""distance_m"": 0.5707176426274143, ""edge_a"": ""19->17"", ""edge_b"": ""19->22"", ""severity"": 0.8}"
2026-05-19 15:38:51,no_safe_node_fallback_hold,SIM1,19,5,19->17->18->4,19->22->20->23->25->26->29->5,"[4, 17, 18, 19]","[[17, 18], [18, 4], [19, 17]]","{""type"": ""future_coordinate_distance"", ""agv_a"": ""REAL"", ""agv_b"": ""SIM1"", ""t_s"": 0.0, ""distance_m"": 0.5707176426274143, ""edge_a"": ""19->17"", ""edge_b"": ""19->22"", ""severity"": 0.8}"
2026-05-19 15:38:52,no_safe_node_fallback_hold,SIM1,19,5,19->17->18->4,19->22->20->23->25->26->29->5,"[4, 17, 18, 19]","[[17, 18], [18, 4], [19, 17]]","{""type"": ""future_coordinate_distance"", ""agv_a"": ""REAL"", ""agv_b"": ""SIM1"", ""t_s"": 0.0, ""distance_m"": 0.5707176426274143, ""edge_a"": ""19->17"", ""edge_b"": ""19->22"", ""severity"": 0.8}"
2026-05-19 15:38:54,no_safe_node_fallback_hold,SIM1,19,5,19->17->18->4,19->22->20->23->25->26->29->5,"[4, 17, 18, 19]","[[17, 18], [18, 4], [19, 17]]","{""type"": ""future_coordinate_distance"", ""agv_a"": ""REAL"", ""agv_b"": ""SIM1"", ""t_s"": 0.0, ""distance_m"": 0.5707176426274143, ""edge_a"": ""19->17"", ""edge_b"": ""19->22"", ""severity"": 0.8}"
2026-05-19 15:38:56,no_safe_node_fallback_hold,SIM1,19,5,19->17->18->4,19->22->20->23->25->26->29->5,"[4, 17, 18, 19]","[[17, 18], [18, 4], [19, 17]]","{""type"": ""future_coordinate_distance"", ""agv_a"": ""REAL"", ""agv_b"": ""SIM1"", ""t_s"": 0.0, ""distance_m"": 0.5707176426274143, ""edge_a"": ""19->17"", ""edge_b"": ""19->22"", ""severity"": 0.8}"
2026-05-19 15:38:57,no_safe_node_fallback_hold,SIM1,19,5,19->17->18->4,19->22->20->23->25->26->29->5,"[4, 17, 18, 19]","[[17, 18], [18, 4], [19, 17]]","{""type"": ""future_coordinate_distance"", ""agv_a"": ""REAL"", ""agv_b"": ""SIM1"", ""t_s"": 0.0, ""distance_m"": 0.5707176426274143, ""edge_a"": ""19->17"", ""edge_b"": ""19->22"", ""severity"": 0.8}"
2026-05-19 15:38:59,no_safe_node_fallback_hold,SIM1,19,5,19->17->18->4,19->22->20->23->25->26->29->5,"[4, 17, 18, 19]","[[17, 18], [18, 4], [19, 17]]","{""type"": ""future_coordinate_distance"", ""agv_a"": ""REAL"", ""agv_b"": ""SIM1"", ""t_s"": 0.0, ""distance_m"": 0.5707176426274143, ""edge_a"": ""19->17"", ""edge_b"": ""19->22"", ""severity"": 0.8}"
2026-05-19 15:39:01,no_safe_node_fallback_hold,SIM1,19,5,19->17->18->4,19->22->20->23->25->26->29->5,"[4, 17, 18, 19]","[[17, 18], [18, 4], [19, 17]]","{""type"": ""future_coordinate_distance"", ""agv_a"": ""REAL"", ""agv_b"": ""SIM1"", ""t_s"": 0.0, ""distance_m"": 0.5707176426274143, ""edge_a"": ""19->17"", ""edge_b"": ""19->22"", ""severity"": 0.8}"
2026-05-19 15:39:03,no_safe_node_fallback_hold,SIM1,19,5,19->17->18->4,19->22->20->23->25->26->29->5,"[4, 17, 18, 19]","[[17, 18], [18, 4], [19, 17]]","{""type"": ""future_coordinate_distance"", ""agv_a"": ""REAL"", ""agv_b"": ""SIM1"", ""t_s"": 0.0, ""distance_m"": 0.5707176426274143, ""edge_a"": ""19->17"", ""edge_b"": ""19->22"", ""severity"": 0.8}"
2026-05-19 15:39:04,no_safe_node_fallback_hold,SIM1,19,5,19->17->18->4,19->22->20->23->25->26->29->5,"[4, 17, 18, 19]","[[17, 18], [18, 4], [19, 17]]","{""type"": ""future_coordinate_distance"", ""agv_a"": ""REAL"", ""agv_b"": ""SIM1"", ""t_s"": 0.0, ""distance_m"": 0.5707176426274143, ""edge_a"": ""19->17"", ""edge_b"": ""19->22"", ""severity"": 0.8}"
2026-05-19 15:39:06,hold_at_safe_node,SIM1,19,19,5,18->4,19->22->20->23->25->26->29->5,"[4, 18]","[[18, 4]]","{""type"": ""future_coordinate_distance"", ""agv_a"": ""REAL"", ""agv_b"": ""SIM1"", ""t_s"": 0.0, ""distance_m"": 0.30020222923929857, ""edge_a"": ""18->4"", ""edge_b"": ""19->22"", ""severity"": 0.8}"
2026-05-19 15:39:08,hold_at_safe_node,SIM1,19,19,5,18->4,19->22->20->23->25->26->29->5,"[4, 18]","[[18, 4]]","{""type"": ""future_coordinate_distance"", ""agv_a"": ""REAL"", ""agv_b"": ""SIM1"", ""t_s"": 0.0, ""distance_m"": 0.30020222923929857, ""edge_a"": ""18->4"", ""edge_b"": ""19->22"", ""severity"": 0.8}"
2026-05-19 15:39:10,hold_at_safe_node,SIM1,19,19,5,18->4,19->22->20->23->25->26->29->5,"[4, 18]","[[18, 4]]","{""type"": ""future_coordinate_distance"", ""agv_a"": ""REAL"", ""agv_b"": ""SIM1"", ""t_s"": 0.0, ""distance_m"": 0.30020222923929857, ""edge_a"": ""18->4"", ""edge_b"": ""19->22"", ""severity"": 0.8}"
2026-05-19 15:39:11,hold_at_safe_node,SIM1,19,19,5,18->4,19->22->20->23->25->26->29->5,"[4, 18]","[[18, 4]]","{""type"": ""future_coordinate_distance"", ""agv_a"": ""REAL"", ""agv_b"": ""SIM1"", ""t_s"": 0.0, ""distance_m"": 0.30020222923929857, ""edge_a"": ""18->4"", ""edge_b"": ""19->22"", ""severity"": 0.8}"
2026-05-19 15:39:13,resume_original_goal,SIM1,19,19,5,19->22->20->23->25->26->29->5
2026-05-19 15:39:22,hold_at_safe_node,SIM1,19,19,5,18->17->10->8->3,19->22->20->23->25->26->29->5,"[3, 8, 10, 17, 18]","[[8, 3], [10, 8], [17, 10], [18, 17]]","{""type"": ""future_coordinate_distance"", ""agv_a"": ""REAL"", ""agv_b"": ""SIM1"", ""t_s"": 0.0, ""distance_m"": 0.7328583639949492, ""edge_a"": ""18->17"", ""edge_b"": ""19->22"", ""severity"": 0.8}"
2026-05-19 15:39:24,hold_at_safe_node,SIM1,19,19,5,18->17->10->8->3,19->22->20->23->25->26->29->5,"[3, 8, 10, 17, 18]","[[8, 3], [10, 8], [17, 10], [18, 17]]","{""type"": ""future_coordinate_distance"", ""agv_a"": ""REAL"", ""agv_b"": ""SIM1"", ""t_s"": 0.0, ""distance_m"": 0.7328583639949492, ""edge_a"": ""18->17"", ""edge_b"": ""19->22"", ""severity"": 0.8}"
2026-05-19 15:39:25,hold_at_safe_node,SIM1,19,19,5,18->17->10->8->3,19->22->20->23->25->26->29->5,"[3, 8, 10, 17, 18]","[[8, 3], [10, 8], [17, 10], [18, 17]]","{""type"": ""future_coordinate_distance"", ""agv_a"": ""REAL"", ""agv_b"": ""SIM1"", ""t_s"": 0.0, ""distance_m"": 0.7328583639949492, ""edge_a"": ""18->17"", ""edge_b"": ""19->22"", ""severity"": 0.8}"
2026-05-19 15:39:27,hold_at_safe_node,SIM1,19,19,5,17->10->8->3,19->22->20->23->25->26->29->5,"[3, 8, 10, 17]","[[8, 3], [10, 8], [17, 10]]","{""type"": ""future_coordinate_distance"", ""agv_a"": ""REAL"", ""agv_b"": ""SIM1"", ""t_s"": 0.0, ""distance_m"": 0.40405956961150424, ""edge_a"": ""17->10"", ""edge_b"": ""19->22"", ""severity"": 0.8}"
2026-05-19 15:39:29,hold_at_safe_node,SIM1,19,19,5,10->8->3,19->22->20->23->25->26->29->5,"[3, 8, 10]","[[8, 3], [10, 8]]","{""type"": ""future_coordinate_distance"", ""agv_a"": ""REAL"", ""agv_b"": ""SIM1"", ""t_s"": 0.0, ""distance_m"": 0.7868145443388284, ""edge_a"": ""10->8"", ""edge_b"": ""19->22"", ""severity"": 0.8}"
2026-05-19 15:39:30,hold_at_safe_node,SIM1,19,19,5,8->3,19->22->20->23->25->26->29->5,"[3, 8]","[[8, 3]]","{""type"": ""future_coordinate_distance"", ""agv_a"": ""REAL"", ""agv_b"": ""SIM1"", ""t_s"": 0.0, ""distance_m"": 1.0034289217257615, ""edge_a"": ""8->3"", ""edge_b"": ""19->22"", ""severity"": 0.8}"
2026-05-19 15:39:32,hold_at_safe_node,SIM1,19,19,5,8->3,19->22->20->23->25->26->29->5,"[3, 8]","[[8, 3]]","{""type"": ""future_coordinate_distance"", ""agv_a"": ""REAL"", ""agv_b"": ""SIM1"", ""t_s"": 0.0, ""distance_m"": 1.0034289217257615, ""edge_a"": ""8->3"", ""edge_b"": ""19->22"", ""severity"": 0.8}"
2026-05-19 15:39:34,hold_at_safe_node,SIM1,19,19,5,8->3,19->22->20->23->25->26->29->5,"[3, 8]","[[8, 3]]","{""type"": ""future_coordinate_distance"", ""agv_a"": ""REAL"", ""agv_b"": ""SIM1"", ""t_s"": 0.0, ""distance_m"": 1.0034289217257615, ""edge_a"": ""8->3"", ""edge_b"": ""19->22"", ""severity"": 0.8}"
2026-05-19 15:39:36,resume_original_goal,SIM1,19,19,5,19->22->20->23->25->26->29->5
2026-05-19 15:39:49,hold_at_safe_node,SIM1,19,19,5,9->13->11->2,19->22->20->23->25->26->29->5,"[2, 9, 11, 13]","[[9, 13], [11, 2], [13, 11]]","{""type"": ""future_coordinate_distance"", ""agv_a"": ""REAL"", ""agv_b"": ""SIM1"", ""t_s"": 0.0, ""distance_m"": 1.0183479180944295, ""edge_a"": ""9->13"", ""edge_b"": ""19->22"", ""severity"": 0.8}"
2026-05-19 15:39:50,hold_at_safe_node,SIM1,19,19,5,9->13->11->2,19->22->20->23->25->26->29->5,"[2, 9, 11, 13]","[[9, 13], [11, 2], [13, 11]]","{""type"": ""future_coordinate_distance"", ""agv_a"": ""REAL"", ""agv_b"": ""SIM1"", ""t_s"": 0.0, ""distance_m"": 1.0183479180944295, ""edge_a"": ""9->13"", ""edge_b"": ""19->22"", ""severity"": 0.8}"
2026-05-19 15:39:52,resume_original_goal,SIM1,19,19,5,19->22->20->23->25->26->29->5
2026-05-19 15:42:13,no_safe_node_fallback_hold,SIM1,26,1,25->26->28->34->33->6,26->25->23->20->22->19->17->10->7->1,"[6, 25, 26, 28, 33, 34]","[[25, 26], [26, 28], [28, 34], [33, 6], [34, 33]]","{""type"": ""edge_time_overlap"", ""agv_a"": ""REAL"", ""agv_b"": ""SIM1"", ""edge_a"": ""25->26"", ""edge_b"": ""26->25"", ""u"": 25, ""v"": 26, ""physical_edge"": ""25-26"", ""direction"": ""opposite"", ""a_enter_s"": 0.0, ""a_exit_s"": 15.7904634475708, ""b_enter_s"": 0.0, ""b_exit_s"": 13.86406135559082, ""priority_a"": 1, ""priority_b"": 3, ""severity"": 1.0}"
2026-05-19 15:42:15,no_safe_node_fallback_hold,SIM1,26,1,25->26->28->34->33->6,26->25->23->20->22->19->17->10->7->1,"[6, 25, 26, 28, 33, 34]","[[25, 26], [26, 28], [28, 34], [33, 6], [34, 33]]","{""type"": ""edge_time_overlap"", ""agv_a"": ""REAL"", ""agv_b"": ""SIM1"", ""edge_a"": ""25->26"", ""edge_b"": ""26->25"", ""u"": 25, ""v"": 26, ""physical_edge"": ""25-26"", ""direction"": ""opposite"", ""a_enter_s"": 0.0, ""a_exit_s"": 15.7904634475708, ""b_enter_s"": 0.0, ""b_exit_s"": 13.86406135559082, ""priority_a"": 1, ""priority_b"": 3, ""severity"": 1.0}"
2026-05-19 15:42:17,no_safe_node_fallback_hold,SIM1,26,1,25->26->28->34->33->6,26->25->23->20->22->19->17->10->7->1,"[6, 25, 26, 28, 33, 34]","[[25, 26], [26, 28], [28, 34], [33, 6], [34, 33]]","{""type"": ""edge_time_overlap"", ""agv_a"": ""REAL"", ""agv_b"": ""SIM1"", ""edge_a"": ""25->26"", ""edge_b"": ""26->25"", ""u"": 25, ""v"": 26, ""physical_edge"": ""25-26"", ""direction"": ""opposite"", ""a_enter_s"": 0.0, ""a_exit_s"": 15.7904634475708, ""b_enter_s"": 0.0, ""b_exit_s"": 13.86406135559082, ""priority_a"": 1, ""priority_b"": 3, ""severity"": 1.0}"
2026-05-19 15:42:18,no_safe_node_fallback_hold,SIM1,26,1,25->26->28->34->33->6,26->25->23->20->22->19->17->10->7->1,"[6, 25, 26, 28, 33, 34]","[[25, 26], [26, 28], [28, 34], [33, 6], [34, 33]]","{""type"": ""edge_time_overlap"", ""agv_a"": ""REAL"", ""agv_b"": ""SIM1"", ""edge_a"": ""25->26"", ""edge_b"": ""26->25"", ""u"": 25, ""v"": 26, ""physical_edge"": ""25-26"", ""direction"": ""opposite"", ""a_enter_s"": 0.0, ""a_exit_s"": 15.7904634475708, ""b_enter_s"": 0.0, ""b_exit_s"": 13.86406135559082, ""priority_a"": 1, ""priority_b"": 3, ""severity"": 1.0}"
2026-05-19 15:42:20,no_safe_node_fallback_hold,SIM1,26,1,25->26->28->34->33->6,26->25->23->20->22->19->17->10->7->1,"[6, 25, 26, 28, 33, 34]","[[25, 26], [26, 28], [28, 34], [33, 6], [34, 33]]","{""type"": ""edge_time_overlap"", ""agv_a"": ""REAL"", ""agv_b"": ""SIM1"", ""edge_a"": ""25->26"", ""edge_b"": ""26->25"", ""u"": 25, ""v"": 26, ""physical_edge"": ""25-26"", ""direction"": ""opposite"", ""a_enter_s"": 0.0, ""a_exit_s"": 15.7904634475708, ""b_enter_s"": 0.0, ""b_exit_s"": 13.86406135559082, ""priority_a"": 1, ""priority_b"": 3, ""severity"": 1.0}"
2026-05-19 15:42:22,no_safe_node_fallback_hold,SIM1,26,1,25->26->28->34->33->6,26->25->23->20->22->19->17->10->7->1,"[6, 25, 26, 28, 33, 34]","[[25, 26], [26, 28], [28, 34], [33, 6], [34, 33]]","{""type"": ""edge_time_overlap"", ""agv_a"": ""REAL"", ""agv_b"": ""SIM1"", ""edge_a"": ""25->26"", ""edge_b"": ""26->25"", ""u"": 25, ""v"": 26, ""physical_edge"": ""25-26"", ""direction"": ""opposite"", ""a_enter_s"": 0.0, ""a_exit_s"": 15.7904634475708, ""b_enter_s"": 0.0, ""b_exit_s"": 13.86406135559082, ""priority_a"": 1, ""priority_b"": 3, ""severity"": 1.0}"
2026-05-19 15:42:24,no_safe_node_fallback_hold,SIM1,26,1,25->26->28->34->33->6,26->25->23->20->22->19->17->10->7->1,"[6, 25, 26, 28, 33, 34]","[[25, 26], [26, 28], [28, 34], [33, 6], [34, 33]]","{""type"": ""edge_time_overlap"", ""agv_a"": ""REAL"", ""agv_b"": ""SIM1"", ""edge_a"": ""25->26"", ""edge_b"": ""26->25"", ""u"": 25, ""v"": 26, ""physical_edge"": ""25-26"", ""direction"": ""opposite"", ""a_enter_s"": 0.0, ""a_exit_s"": 15.7904634475708, ""b_enter_s"": 0.0, ""b_exit_s"": 13.86406135559082, ""priority_a"": 1, ""priority_b"": 3, ""severity"": 1.0}"
2026-05-19 15:42:25,no_safe_node_fallback_hold,SIM1,26,1,25->26->28->34->33->6,26->25->23->20->22->19->17->10->7->1,"[6, 25, 26, 28, 33, 34]","[[25, 26], [26, 28], [28, 34], [33, 6], [34, 33]]","{""type"": ""edge_time_overlap"", ""agv_a"": ""REAL"", ""agv_b"": ""SIM1"", ""edge_a"": ""25->26"", ""edge_b"": ""26->25"", ""u"": 25, ""v"": 26, ""physical_edge"": ""25-26"", ""direction"": ""opposite"", ""a_enter_s"": 0.0, ""a_exit_s"": 15.7904634475708, ""b_enter_s"": 0.0, ""b_exit_s"": 13.86406135559082, ""priority_a"": 1, ""priority_b"": 3, ""severity"": 1.0}"
2026-05-19 15:42:27,no_safe_node_fallback_hold,SIM1,26,1,25->26->28->34->33->6,26->25->23->20->22->19->17->10->7->1,"[6, 25, 26, 28, 33, 34]","[[25, 26], [26, 28], [28, 34], [33, 6], [34, 33]]","{""type"": ""edge_time_overlap"", ""agv_a"": ""REAL"", ""agv_b"": ""SIM1"", ""edge_a"": ""25->26"", ""edge_b"": ""26->25"", ""u"": 25, ""v"": 26, ""physical_edge"": ""25-26"", ""direction"": ""opposite"", ""a_enter_s"": 0.0, ""a_exit_s"": 15.7904634475708, ""b_enter_s"": 0.0, ""b_exit_s"": 13.86406135559082, ""priority_a"": 1, ""priority_b"": 3, ""severity"": 1.0}"
2026-05-19 15:42:29,no_safe_node_fallback_hold,SIM1,26,1,26->28->34->33->6,26->25->23->20->22->19->17->10->7->1,"[6, 26, 28, 33, 34]","[[26, 28], [28, 34], [33, 6], [34, 33]]","{""type"": ""future_coordinate_distance"", ""agv_a"": ""REAL"", ""agv_b"": ""SIM1"", ""t_s"": 0.0, ""distance_m"": 0.0, ""edge_a"": ""26->28"", ""edge_b"": ""26->25"", ""severity"": 0.8}"
2026-05-19 15:42:30,no_safe_node_fallback_hold,SIM1,26,1,26->28->34->33->6,26->25->23->20->22->19->17->10->7->1,"[6, 26, 28, 33, 34]","[[26, 28], [28, 34], [33, 6], [34, 33]]","{""type"": ""future_coordinate_distance"", ""agv_a"": ""REAL"", ""agv_b"": ""SIM1"", ""t_s"": 0.0, ""distance_m"": 0.0, ""edge_a"": ""26->28"", ""edge_b"": ""26->25"", ""severity"": 0.8}"
2026-05-19 15:42:32,no_safe_node_fallback_hold,SIM1,26,1,26->28->34->33->6,26->25->23->20->22->19->17->10->7->1,"[6, 26, 28, 33, 34]","[[26, 28], [28, 34], [33, 6], [34, 33]]","{""type"": ""future_coordinate_distance"", ""agv_a"": ""REAL"", ""agv_b"": ""SIM1"", ""t_s"": 0.0, ""distance_m"": 0.0, ""edge_a"": ""26->28"", ""edge_b"": ""26->25"", ""severity"": 0.8}"
2026-05-19 15:42:34,no_safe_node_fallback_hold,SIM1,26,1,26->28->34->33->6,26->25->23->20->22->19->17->10->7->1,"[6, 26, 28, 33, 34]","[[26, 28], [28, 34], [33, 6], [34, 33]]","{""type"": ""future_coordinate_distance"", ""agv_a"": ""REAL"", ""agv_b"": ""SIM1"", ""t_s"": 0.0, ""distance_m"": 0.0, ""edge_a"": ""26->28"", ""edge_b"": ""26->25"", ""severity"": 0.8}"
2026-05-19 15:42:36,no_safe_node_fallback_hold,SIM1,26,1,26->28->34->33->6,26->25->23->20->22->19->17->10->7->1,"[6, 26, 28, 33, 34]","[[26, 28], [28, 34], [33, 6], [34, 33]]","{""type"": ""future_coordinate_distance"", ""agv_a"": ""REAL"", ""agv_b"": ""SIM1"", ""t_s"": 0.0, ""distance_m"": 0.0, ""edge_a"": ""26->28"", ""edge_b"": ""26->25"", ""severity"": 0.8}"
2026-05-19 15:42:37,no_safe_node_fallback_hold,SIM1,26,1,26->28->34->33->6,26->25->23->20->22->19->17->10->7->1,"[6, 26, 28, 33, 34]","[[26, 28], [28, 34], [33, 6], [34, 33]]","{""type"": ""future_coordinate_distance"", ""agv_a"": ""REAL"", ""agv_b"": ""SIM1"", ""t_s"": 0.0, ""distance_m"": 0.0, ""edge_a"": ""26->28"", ""edge_b"": ""26->25"", ""severity"": 0.8}"
2026-05-19 15:42:39,no_safe_node_fallback_hold,SIM1,26,1,26->28->34->33->6,26->25->23->20->22->19->17->10->7->1,"[6, 26, 28, 33, 34]","[[26, 28], [28, 34], [33, 6], [34, 33]]","{""type"": ""future_coordinate_distance"", ""agv_a"": ""REAL"", ""agv_b"": ""SIM1"", ""t_s"": 0.0, ""distance_m"": 0.0, ""edge_a"": ""26->28"", ""edge_b"": ""26->25"", ""severity"": 0.8}"
2026-05-19 15:42:41,no_safe_node_fallback_hold,SIM1,26,1,26->28->34->33->6,26->25->23->20->22->19->17->10->7->1,"[6, 26, 28, 33, 34]","[[26, 28], [28, 34], [33, 6], [34, 33]]","{""type"": ""future_coordinate_distance"", ""agv_a"": ""REAL"", ""agv_b"": ""SIM1"", ""t_s"": 0.0, ""distance_m"": 0.0, ""edge_a"": ""26->28"", ""edge_b"": ""26->25"", ""severity"": 0.8}"
2026-05-19 15:42:42,no_safe_node_fallback_hold,SIM1,26,1,26->28->34->33->6,26->25->23->20->22->19->17->10->7->1,"[6, 26, 28, 33, 34]","[[26, 28], [28, 34], [33, 6], [34, 33]]","{""type"": ""future_coordinate_distance"", ""agv_a"": ""REAL"", ""agv_b"": ""SIM1"", ""t_s"": 0.0, ""distance_m"": 0.0, ""edge_a"": ""26->28"", ""edge_b"": ""26->25"", ""severity"": 0.8}"
2026-05-19 15:42:44,no_safe_node_fallback_hold,SIM1,26,1,26->28->34->33->6,26->25->23->20->22->19->17->10->7->1,"[6, 26, 28, 33, 34]","[[26, 28], [28, 34], [33, 6], [34, 33]]","{""type"": ""future_coordinate_distance"", ""agv_a"": ""REAL"", ""agv_b"": ""SIM1"", ""t_s"": 0.0, ""distance_m"": 0.0, ""edge_a"": ""26->28"", ""edge_b"": ""26->25"", ""severity"": 0.8}"
2026-05-19 15:42:46,no_safe_node_fallback_hold,SIM1,26,1,26->28->34->33->6,26->25->23->20->22->19->17->10->7->1,"[6, 26, 28, 33, 34]","[[26, 28], [28, 34], [33, 6], [34, 33]]","{""type"": ""future_coordinate_distance"", ""agv_a"": ""REAL"", ""agv_b"": ""SIM1"", ""t_s"": 0.0, ""distance_m"": 0.0, ""edge_a"": ""26->28"", ""edge_b"": ""26->25"", ""severity"": 0.8}"
2026-05-19 15:42:47,no_safe_node_fallback_hold,SIM1,26,1,26->28->34->33->6,26->25->23->20->22->19->17->10->7->1,"[6, 26, 28, 33, 34]","[[26, 28], [28, 34], [33, 6], [34, 33]]","{""type"": ""future_coordinate_distance"", ""agv_a"": ""REAL"", ""agv_b"": ""SIM1"", ""t_s"": 0.0, ""distance_m"": 0.0, ""edge_a"": ""26->28"", ""edge_b"": ""26->25"", ""severity"": 0.8}"
2026-05-19 15:42:49,no_safe_node_fallback_hold,SIM1,26,1,26->28->34->33->6,26->25->23->20->22->19->17->10->7->1,"[6, 26, 28, 33, 34]","[[26, 28], [28, 34], [33, 6], [34, 33]]","{""type"": ""future_coordinate_distance"", ""agv_a"": ""REAL"", ""agv_b"": ""SIM1"", ""t_s"": 0.0, ""distance_m"": 0.0, ""edge_a"": ""26->28"", ""edge_b"": ""26->25"", ""severity"": 0.8}"
2026-05-19 15:42:51,no_safe_node_fallback_hold,SIM1,26,1,26->28->34->33->6,26->25->23->20->22->19->17->10->7->1,"[6, 26, 28, 33, 34]","[[26, 28], [28, 34], [33, 6], [34, 33]]","{""type"": ""future_coordinate_distance"", ""agv_a"": ""REAL"", ""agv_b"": ""SIM1"", ""t_s"": 0.0, ""distance_m"": 0.0, ""edge_a"": ""26->28"", ""edge_b"": ""26->25"", ""severity"": 0.8}"
2026-05-19 15:42:52,no_safe_node_fallback_hold,SIM1,26,1,26->28->34->33->6,26->25->23->20->22->19->17->10->7->1,"[6, 26, 28, 33, 34]","[[26, 28], [28, 34], [33, 6], [34, 33]]","{""type"": ""future_coordinate_distance"", ""agv_a"": ""REAL"", ""agv_b"": ""SIM1"", ""t_s"": 0.0, ""distance_m"": 0.0, ""edge_a"": ""26->28"", ""edge_b"": ""26->25"", ""severity"": 0.8}"
2026-05-19 15:42:54,no_safe_node_fallback_hold,SIM1,26,1,26->28->34->33->6,26->25->23->20->22->19->17->10->7->1,"[6, 26, 28, 33, 34]","[[26, 28], [28, 34], [33, 6], [34, 33]]","{""type"": ""future_coordinate_distance"", ""agv_a"": ""REAL"", ""agv_b"": ""SIM1"", ""t_s"": 0.0, ""distance_m"": 0.0, ""edge_a"": ""26->28"", ""edge_b"": ""26->25"", ""severity"": 0.8}"
2026-05-19 15:42:56,no_safe_node_fallback_hold,SIM1,26,1,26->28->34->33->6,26->25->23->20->22->19->17->10->7->1,"[6, 26, 28, 33, 34]","[[26, 28], [28, 34], [33, 6], [34, 33]]","{""type"": ""future_coordinate_distance"", ""agv_a"": ""REAL"", ""agv_b"": ""SIM1"", ""t_s"": 0.0, ""distance_m"": 0.0, ""edge_a"": ""26->28"", ""edge_b"": ""26->25"", ""severity"": 0.8}"
2026-05-19 15:42:57,no_safe_node_fallback_hold,SIM1,26,1,26->28->34->33->6,26->25->23->20->22->19->17->10->7->1,"[6, 26, 28, 33, 34]","[[26, 28], [28, 34], [33, 6], [34, 33]]","{""type"": ""future_coordinate_distance"", ""agv_a"": ""REAL"", ""agv_b"": ""SIM1"", ""t_s"": 0.0, ""distance_m"": 0.0, ""edge_a"": ""26->28"", ""edge_b"": ""26->25"", ""severity"": 0.8}"
2026-05-19 15:42:59,no_safe_node_fallback_hold,SIM1,26,1,26->28->34->33->6,26->25->23->20->22->19->17->10->7->1,"[6, 26, 28, 33, 34]","[[26, 28], [28, 34], [33, 6], [34, 33]]","{""type"": ""future_coordinate_distance"", ""agv_a"": ""REAL"", ""agv_b"": ""SIM1"", ""t_s"": 0.0, ""distance_m"": 0.0, ""edge_a"": ""26->28"", ""edge_b"": ""26->25"", ""severity"": 0.8}"
2026-05-19 15:43:01,no_safe_node_fallback_hold,SIM1,26,1,26->28->34->33->6,26->25->23->20->22->19->17->10->7->1,"[6, 26, 28, 33, 34]","[[26, 28], [28, 34], [33, 6], [34, 33]]","{""type"": ""future_coordinate_distance"", ""agv_a"": ""REAL"", ""agv_b"": ""SIM1"", ""t_s"": 0.0, ""distance_m"": 0.0, ""edge_a"": ""26->28"", ""edge_b"": ""26->25"", ""severity"": 0.8}"
2026-05-19 15:43:02,no_safe_node_fallback_hold,SIM1,26,1,26->28->34->33->6,26->25->23->20->22->19->17->10->7->1,"[6, 26, 28, 33, 34]","[[26, 28], [28, 34], [33, 6], [34, 33]]","{""type"": ""future_coordinate_distance"", ""agv_a"": ""REAL"", ""agv_b"": ""SIM1"", ""t_s"": 0.0, ""distance_m"": 0.0, ""edge_a"": ""26->28"", ""edge_b"": ""26->25"", ""severity"": 0.8}"
2026-05-19 15:43:04,no_safe_node_fallback_hold,SIM1,26,1,26->28->34->33->6,26->25->23->20->22->19->17->10->7->1,"[6, 26, 28, 33, 34]","[[26, 28], [28, 34], [33, 6], [34, 33]]","{""type"": ""future_coordinate_distance"", ""agv_a"": ""REAL"", ""agv_b"": ""SIM1"", ""t_s"": 0.0, ""distance_m"": 0.0, ""edge_a"": ""26->28"", ""edge_b"": ""26->25"", ""severity"": 0.8}"
2026-05-19 15:43:05,set_enable,1,dashboard
2026-05-19 15:43:06,no_safe_node_fallback_hold,SIM1,26,1,26->28->34->33->6,26->25->23->20->22->19->17->10->7->1,"[6, 26, 28, 33, 34]","[[26, 28], [28, 34], [33, 6], [34, 33]]","{""type"": ""future_coordinate_distance"", ""agv_a"": ""REAL"", ""agv_b"": ""SIM1"", ""t_s"": 0.0, ""distance_m"": 0.0, ""edge_a"": ""26->28"", ""edge_b"": ""26->25"", ""severity"": 0.8}"
2026-05-19 15:43:08,no_safe_node_fallback_hold,SIM1,26,1,26->28->34->33->6,26->25->23->20->22->19->17->10->7->1,"[6, 26, 28, 33, 34]","[[26, 28], [28, 34], [33, 6], [34, 33]]","{""type"": ""future_coordinate_distance"", ""agv_a"": ""REAL"", ""agv_b"": ""SIM1"", ""t_s"": 0.0, ""distance_m"": 0.0, ""edge_a"": ""26->28"", ""edge_b"": ""26->25"", ""severity"": 0.8}"
2026-05-19 15:43:09,no_safe_node_fallback_hold,SIM1,26,1,26->28->34->33->6,26->25->23->20->22->19->17->10->7->1,"[6, 26, 28, 33, 34]","[[26, 28], [28, 34], [33, 6], [34, 33]]","{""type"": ""future_coordinate_distance"", ""agv_a"": ""REAL"", ""agv_b"": ""SIM1"", ""t_s"": 0.0, ""distance_m"": 0.0, ""edge_a"": ""26->28"", ""edge_b"": ""26->25"", ""severity"": 0.8}"
2026-05-19 15:43:11,no_safe_node_fallback_hold,SIM1,26,1,26->28->34->33->6,26->25->23->20->22->19->17->10->7->1,"[6, 26, 28, 33, 34]","[[26, 28], [28, 34], [33, 6], [34, 33]]","{""type"": ""future_coordinate_distance"", ""agv_a"": ""REAL"", ""agv_b"": ""SIM1"", ""t_s"": 0.0, ""distance_m"": 0.0, ""edge_a"": ""26->28"", ""edge_b"": ""26->25"", ""severity"": 0.8}"
2026-05-19 15:43:13,no_safe_node_fallback_hold,SIM1,26,1,26->28->34->33->6,26->25->23->20->22->19->17->10->7->1,"[6, 26, 28, 33, 34]","[[26, 28], [28, 34], [33, 6], [34, 33]]","{""type"": ""future_coordinate_distance"", ""agv_a"": ""REAL"", ""agv_b"": ""SIM1"", ""t_s"": 0.0, ""distance_m"": 0.0, ""edge_a"": ""26->28"", ""edge_b"": ""26->25"", ""severity"": 0.8}"
2026-05-19 15:43:14,no_safe_node_fallback_hold,SIM1,26,1,26->28->34->33->6,26->25->23->20->22->19->17->10->7->1,"[6, 26, 28, 33, 34]","[[26, 28], [28, 34], [33, 6], [34, 33]]","{""type"": ""future_coordinate_distance"", ""agv_a"": ""REAL"", ""agv_b"": ""SIM1"", ""t_s"": 0.0, ""distance_m"": 0.0, ""edge_a"": ""26->28"", ""edge_b"": ""26->25"", ""severity"": 0.8}"
2026-05-19 15:43:16,no_safe_node_fallback_hold,SIM1,26,1,26->28->34->33->6,26->25->23->20->22->19->17->10->7->1,"[6, 26, 28, 33, 34]","[[26, 28], [28, 34], [33, 6], [34, 33]]","{""type"": ""future_coordinate_distance"", ""agv_a"": ""REAL"", ""agv_b"": ""SIM1"", ""t_s"": 0.0, ""distance_m"": 0.0, ""edge_a"": ""26->28"", ""edge_b"": ""26->25"", ""severity"": 0.8}"
2026-05-19 15:43:18,no_safe_node_fallback_hold,SIM1,26,1,26->28->34->33->6,26->25->23->20->22->19->17->10->7->1,"[6, 26, 28, 33, 34]","[[26, 28], [28, 34], [33, 6], [34, 33]]","{""type"": ""future_coordinate_distance"", ""agv_a"": ""REAL"", ""agv_b"": ""SIM1"", ""t_s"": 0.0, ""distance_m"": 0.0, ""edge_a"": ""26->28"", ""edge_b"": ""26->25"", ""severity"": 0.8}"
2026-05-19 15:43:20,no_safe_node_fallback_hold,SIM1,26,1,26->28->34->33->6,26->25->23->20->22->19->17->10->7->1,"[6, 26, 28, 33, 34]","[[26, 28], [28, 34], [33, 6], [34, 33]]","{""type"": ""future_coordinate_distance"", ""agv_a"": ""REAL"", ""agv_b"": ""SIM1"", ""t_s"": 0.0, ""distance_m"": 0.0, ""edge_a"": ""26->28"", ""edge_b"": ""26->25"", ""severity"": 0.8}"
2026-05-19 15:43:21,no_safe_node_fallback_hold,SIM1,26,1,26->28->34->33->6,26->25->23->20->22->19->17->10->7->1,"[6, 26, 28, 33, 34]","[[26, 28], [28, 34], [33, 6], [34, 33]]","{""type"": ""future_coordinate_distance"", ""agv_a"": ""REAL"", ""agv_b"": ""SIM1"", ""t_s"": 0.0, ""distance_m"": 0.0, ""edge_a"": ""26->28"", ""edge_b"": ""26->25"", ""severity"": 0.8}"
2026-05-19 15:43:23,no_safe_node_fallback_hold,SIM1,26,1,26->28->34->33->6,26->25->23->20->22->19->17->10->7->1,"[6, 26, 28, 33, 34]","[[26, 28], [28, 34], [33, 6], [34, 33]]","{""type"": ""future_coordinate_distance"", ""agv_a"": ""REAL"", ""agv_b"": ""SIM1"", ""t_s"": 0.0, ""distance_m"": 0.0, ""edge_a"": ""26->28"", ""edge_b"": ""26->25"", ""severity"": 0.8}"
2026-05-19 15:43:24,hold_at_safe_node,SIM1,26,26,1,27->28->34->33->6,26->25->23->20->22->19->17->10->7->1,"[6, 27, 28, 33, 34]","[[27, 28], [28, 34], [33, 6], [34, 33]]","{""type"": ""future_coordinate_distance"", ""agv_a"": ""REAL"", ""agv_b"": ""SIM1"", ""t_s"": 0.0, ""distance_m"": 0.49553098723363825, ""edge_a"": ""27->28"", ""edge_b"": ""26->25"", ""severity"": 0.8}"
2026-05-19 15:43:26,hold_at_safe_node,SIM1,26,26,1,28->34->33->6,26->25->23->20->22->19->17->10->7->1,"[6, 28, 33, 34]","[[28, 34], [33, 6], [34, 33]]","{""type"": ""future_coordinate_distance"", ""agv_a"": ""REAL"", ""agv_b"": ""SIM1"", ""t_s"": 0.0, ""distance_m"": 0.5934608311091588, ""edge_a"": ""28->34"", ""edge_b"": ""26->25"", ""severity"": 0.8}"
2026-05-19 15:43:28,hold_at_safe_node,SIM1,26,26,1,34->33->6,26->25->23->20->22->19->17->10->7->1,"[6, 33, 34]","[[33, 6], [34, 33]]","{""type"": ""future_coordinate_distance"", ""agv_a"": ""REAL"", ""agv_b"": ""SIM1"", ""t_s"": 0.0, ""distance_m"": 1.151668419502458, ""edge_a"": ""34->33"", ""edge_b"": ""26->25"", ""severity"": 0.8}"
2026-05-19 15:43:30,resume_original_goal,SIM1,26,26,1,26->25->23->20->22->19->17->10->7->1
2026-05-19 15:43:52,hold_at_safe_node,SIM1,25,25,1,28->29->5,26->25->23->20->22->19->17->10->7->1,"[5, 28, 29]","[[28, 29], [29, 5]]","{""type"": ""future_coordinate_distance"", ""agv_a"": ""REAL"", ""agv_b"": ""SIM1"", ""t_s"": 0.0, ""distance_m"": 0.8835417269781409, ""edge_a"": ""28->29"", ""edge_b"": ""26->25"", ""severity"": 0.8}"
2026-05-19 15:43:54,hold_at_safe_node,SIM1,25,25,1,29->5,26->25->23->20->22->19->17->10->7->1,"[5, 29]","[[29, 5]]","{""type"": ""future_coordinate_distance"", ""agv_a"": ""REAL"", ""agv_b"": ""SIM1"", ""t_s"": 0.0, ""distance_m"": 0.3752035249831429, ""edge_a"": ""29->5"", ""edge_b"": ""26->25"", ""severity"": 0.8}"
2026-05-19 15:43:56,hold_at_safe_node,SIM1,25,25,1,29->5,26->25->23->20->22->19->17->10->7->1,"[5, 29]","[[29, 5]]","{""type"": ""future_coordinate_distance"", ""agv_a"": ""REAL"", ""agv_b"": ""SIM1"", ""t_s"": 0.0, ""distance_m"": 0.3752035249831429, ""edge_a"": ""29->5"", ""edge_b"": ""26->25"", ""severity"": 0.8}"
2026-05-19 15:43:58,hold_at_safe_node,SIM1,25,25,1,29->5,26->25->23->20->22->19->17->10->7->1,"[5, 29]","[[29, 5]]","{""type"": ""future_coordinate_distance"", ""agv_a"": ""REAL"", ""agv_b"": ""SIM1"", ""t_s"": 0.0, ""distance_m"": 0.3752035249831429, ""edge_a"": ""29->5"", ""edge_b"": ""26->25"", ""severity"": 0.8}"
2026-05-19 15:43:59,resume_original_goal,SIM1,26,25,1,26->25->23->20->22->19->17->10->7->1
2026-05-19 15:44:08,no_safe_node_fallback_hold,SIM1,26,1,29->26->25->23->20->22->19->17->18->4,26->25->23->20->22->19->17->10->7->1,"[20, 22, 23, 25, 26, 29]","[[20, 22], [23, 20], [25, 23], [26, 25], [29, 26]]","{""type"": ""future_coordinate_distance"", ""agv_a"": ""REAL"", ""agv_b"": ""SIM1"", ""t_s"": 0.0, ""distance_m"": 0.49340354221939553, ""edge_a"": ""29->26"", ""edge_b"": ""26->25"", ""severity"": 0.8}"
2026-05-19 15:44:10,no_safe_node_fallback_hold,SIM1,26,1,29->26->25->23->20->22->19->17->18->4,26->25->23->20->22->19->17->10->7->1,"[20, 22, 23, 25, 26, 29]","[[20, 22], [23, 20], [25, 23], [26, 25], [29, 26]]","{""type"": ""future_coordinate_distance"", ""agv_a"": ""REAL"", ""agv_b"": ""SIM1"", ""t_s"": 0.0, ""distance_m"": 0.49340354221939553, ""edge_a"": ""29->26"", ""edge_b"": ""26->25"", ""severity"": 0.8}"
2026-05-19 15:44:12,no_safe_node_fallback_hold,SIM1,26,1,29->26->25->23->20->22->19->17->18->4,26->25->23->20->22->19->17->10->7->1,"[20, 22, 23, 25, 26, 29]","[[20, 22], [23, 20], [25, 23], [26, 25], [29, 26]]","{""type"": ""future_coordinate_distance"", ""agv_a"": ""REAL"", ""agv_b"": ""SIM1"", ""t_s"": 0.0, ""distance_m"": 0.49340354221939553, ""edge_a"": ""29->26"", ""edge_b"": ""26->25"", ""severity"": 0.8}"
2026-05-19 15:44:13,no_safe_node_fallback_hold,SIM1,26,1,26->25->23->20->22->19->17->18->4,26->25->23->20->22->19->17->10->7->1,"[19, 20, 22, 23, 25, 26]","[[20, 22], [22, 19], [23, 20], [25, 23], [26, 25]]","{""type"": ""future_coordinate_distance"", ""agv_a"": ""REAL"", ""agv_b"": ""SIM1"", ""t_s"": 0.0, ""distance_m"": 0.0, ""edge_a"": ""26->25"", ""edge_b"": ""26->25"", ""severity"": 0.8}"
2026-05-19 15:44:15,no_safe_node_fallback_hold,SIM1,26,1,26->25->23->20->22->19->17->18->4,26->25->23->20->22->19->17->10->7->1,"[19, 20, 22, 23, 25, 26]","[[20, 22], [22, 19], [23, 20], [25, 23], [26, 25]]","{""type"": ""future_coordinate_distance"", ""agv_a"": ""REAL"", ""agv_b"": ""SIM1"", ""t_s"": 0.0, ""distance_m"": 0.0, ""edge_a"": ""26->25"", ""edge_b"": ""26->25"", ""severity"": 0.8}"
2026-05-19 15:44:17,no_safe_node_fallback_hold,SIM1,26,1,26->25->23->20->22->19->17->18->4,26->25->23->20->22->19->17->10->7->1,"[19, 20, 22, 23, 25, 26]","[[20, 22], [22, 19], [23, 20], [25, 23], [26, 25]]","{""type"": ""future_coordinate_distance"", ""agv_a"": ""REAL"", ""agv_b"": ""SIM1"", ""t_s"": 0.0, ""distance_m"": 0.0, ""edge_a"": ""26->25"", ""edge_b"": ""26->25"", ""severity"": 0.8}"
2026-05-19 15:44:18,no_safe_node_fallback_hold,SIM1,26,1,26->25->23->20->22->19->17->18->4,26->25->23->20->22->19->17->10->7->1,"[19, 20, 22, 23, 25, 26]","[[20, 22], [22, 19], [23, 20], [25, 23], [26, 25]]","{""type"": ""future_coordinate_distance"", ""agv_a"": ""REAL"", ""agv_b"": ""SIM1"", ""t_s"": 0.0, ""distance_m"": 0.0, ""edge_a"": ""26->25"", ""edge_b"": ""26->25"", ""severity"": 0.8}"
2026-05-19 15:44:20,no_safe_node_fallback_hold,SIM1,26,1,26->25->23->20->22->19->17->18->4,26->25->23->20->22->19->17->10->7->1,"[19, 20, 22, 23, 25, 26]","[[20, 22], [22, 19], [23, 20], [25, 23], [26, 25]]","{""type"": ""future_coordinate_distance"", ""agv_a"": ""REAL"", ""agv_b"": ""SIM1"", ""t_s"": 0.0, ""distance_m"": 0.0, ""edge_a"": ""26->25"", ""edge_b"": ""26->25"", ""severity"": 0.8}"
2026-05-19 15:44:22,no_safe_node_fallback_hold,SIM1,26,1,26->25->23->20->22->19->17->18->4,26->25->23->20->22->19->17->10->7->1,"[19, 20, 22, 23, 25, 26]","[[20, 22], [22, 19], [23, 20], [25, 23], [26, 25]]","{""type"": ""future_coordinate_distance"", ""agv_a"": ""REAL"", ""agv_b"": ""SIM1"", ""t_s"": 0.0, ""distance_m"": 0.0, ""edge_a"": ""26->25"", ""edge_b"": ""26->25"", ""severity"": 0.8}"
2026-05-19 15:44:23,no_safe_node_fallback_hold,SIM1,26,1,26->25->23->20->22->19->17->18->4,26->25->23->20->22->19->17->10->7->1,"[19, 20, 22, 23, 25, 26]","[[20, 22], [22, 19], [23, 20], [25, 23], [26, 25]]","{""type"": ""future_coordinate_distance"", ""agv_a"": ""REAL"", ""agv_b"": ""SIM1"", ""t_s"": 0.0, ""distance_m"": 0.0, ""edge_a"": ""26->25"", ""edge_b"": ""26->25"", ""severity"": 0.8}"
2026-05-19 15:44:25,no_safe_node_fallback_hold,SIM1,26,1,26->25->23->20->22->19->17->18->4,26->25->23->20->22->19->17->10->7->1,"[19, 20, 22, 23, 25, 26]","[[20, 22], [22, 19], [23, 20], [25, 23], [26, 25]]","{""type"": ""future_coordinate_distance"", ""agv_a"": ""REAL"", ""agv_b"": ""SIM1"", ""t_s"": 0.0, ""distance_m"": 0.0, ""edge_a"": ""26->25"", ""edge_b"": ""26->25"", ""severity"": 0.8}"
2026-05-19 15:44:27,no_safe_node_fallback_hold,SIM1,26,1,26->25->23->20->22->19->17->18->4,26->25->23->20->22->19->17->10->7->1,"[19, 20, 22, 23, 25, 26]","[[20, 22], [22, 19], [23, 20], [25, 23], [26, 25]]","{""type"": ""future_coordinate_distance"", ""agv_a"": ""REAL"", ""agv_b"": ""SIM1"", ""t_s"": 0.0, ""distance_m"": 0.0, ""edge_a"": ""26->25"", ""edge_b"": ""26->25"", ""severity"": 0.8}"
2026-05-19 15:44:29,hold_at_safe_node,SIM1,26,26,1,25->23->20->22->19->17->18->4,26->25->23->20->22->19->17->10->7->1,"[17, 19, 20, 22, 23, 25]","[[19, 17], [20, 22], [22, 19], [23, 20], [25, 23]]","{""type"": ""edge_time_overlap"", ""agv_a"": ""REAL"", ""agv_b"": ""SIM1"", ""edge_a"": ""25->23"", ""edge_b"": ""25->23"", ""u"": 25, ""v"": 23, ""physical_edge"": ""23-25"", ""direction"": ""same"", ""a_enter_s"": 0.0, ""a_exit_s"": 12.056227684020996, ""b_enter_s"": 13.86406135559082, ""b_exit_s"": 25.920289039611816, ""priority_a"": 1, ""priority_b"": 3, ""severity"": 0.7}"
2026-05-19 15:44:30,hold_at_safe_node,SIM1,26,26,1,25->23->20->22->19->17->18->4,26->25->23->20->22->19->17->10->7->1,"[17, 19, 20, 22, 23, 25]","[[19, 17], [20, 22], [22, 19], [23, 20], [25, 23]]","{""type"": ""edge_time_overlap"", ""agv_a"": ""REAL"", ""agv_b"": ""SIM1"", ""edge_a"": ""25->23"", ""edge_b"": ""25->23"", ""u"": 25, ""v"": 23, ""physical_edge"": ""23-25"", ""direction"": ""same"", ""a_enter_s"": 0.0, ""a_exit_s"": 12.056227684020996, ""b_enter_s"": 13.86406135559082, ""b_exit_s"": 25.920289039611816, ""priority_a"": 1, ""priority_b"": 3, ""severity"": 0.7}"
2026-05-19 15:44:32,hold_at_safe_node,SIM1,26,26,1,25->23->20->22->19->17->18->4,26->25->23->20->22->19->17->10->7->1,"[17, 19, 20, 22, 23, 25]","[[19, 17], [20, 22], [22, 19], [23, 20], [25, 23]]","{""type"": ""edge_time_overlap"", ""agv_a"": ""REAL"", ""agv_b"": ""SIM1"", ""edge_a"": ""25->23"", ""edge_b"": ""25->23"", ""u"": 25, ""v"": 23, ""physical_edge"": ""23-25"", ""direction"": ""same"", ""a_enter_s"": 0.0, ""a_exit_s"": 12.056227684020996, ""b_enter_s"": 13.86406135559082, ""b_exit_s"": 25.920289039611816, ""priority_a"": 1, ""priority_b"": 3, ""severity"": 0.7}"
2026-05-19 15:44:34,hold_at_safe_node,SIM1,26,26,1,25->23->20->22->19->17->18->4,26->25->23->20->22->19->17->10->7->1,"[17, 19, 20, 22, 23, 25]","[[19, 17], [20, 22], [22, 19], [23, 20], [25, 23]]","{""type"": ""edge_time_overlap"", ""agv_a"": ""REAL"", ""agv_b"": ""SIM1"", ""edge_a"": ""25->23"", ""edge_b"": ""25->23"", ""u"": 25, ""v"": 23, ""physical_edge"": ""23-25"", ""direction"": ""same"", ""a_enter_s"": 0.0, ""a_exit_s"": 12.056227684020996, ""b_enter_s"": 13.86406135559082, ""b_exit_s"": 25.920289039611816, ""priority_a"": 1, ""priority_b"": 3, ""severity"": 0.7}"
2026-05-19 15:44:36,hold_at_safe_node,SIM1,26,26,1,25->23->20->22->19->17->18->4,26->25->23->20->22->19->17->10->7->1,"[17, 19, 20, 22, 23, 25]","[[19, 17], [20, 22], [22, 19], [23, 20], [25, 23]]","{""type"": ""edge_time_overlap"", ""agv_a"": ""REAL"", ""agv_b"": ""SIM1"", ""edge_a"": ""25->23"", ""edge_b"": ""25->23"", ""u"": 25, ""v"": 23, ""physical_edge"": ""23-25"", ""direction"": ""same"", ""a_enter_s"": 0.0, ""a_exit_s"": 12.056227684020996, ""b_enter_s"": 13.86406135559082, ""b_exit_s"": 25.920289039611816, ""priority_a"": 1, ""priority_b"": 3, ""severity"": 0.7}"
2026-05-19 15:44:38,hold_at_safe_node,SIM1,26,26,1,25->23->20->22->19->17->18->4,26->25->23->20->22->19->17->10->7->1,"[17, 19, 20, 22, 23, 25]","[[19, 17], [20, 22], [22, 19], [23, 20], [25, 23]]","{""type"": ""edge_time_overlap"", ""agv_a"": ""REAL"", ""agv_b"": ""SIM1"", ""edge_a"": ""25->23"", ""edge_b"": ""25->23"", ""u"": 25, ""v"": 23, ""physical_edge"": ""23-25"", ""direction"": ""same"", ""a_enter_s"": 0.0, ""a_exit_s"": 12.056227684020996, ""b_enter_s"": 13.86406135559082, ""b_exit_s"": 25.920289039611816, ""priority_a"": 1, ""priority_b"": 3, ""severity"": 0.7}"
2026-05-19 15:44:39,hold_at_safe_node,SIM1,26,26,1,25->23->20->22->19->17->18->4,26->25->23->20->22->19->17->10->7->1,"[17, 19, 20, 22, 23, 25]","[[19, 17], [20, 22], [22, 19], [23, 20], [25, 23]]","{""type"": ""edge_time_overlap"", ""agv_a"": ""REAL"", ""agv_b"": ""SIM1"", ""edge_a"": ""25->23"", ""edge_b"": ""25->23"", ""u"": 25, ""v"": 23, ""physical_edge"": ""23-25"", ""direction"": ""same"", ""a_enter_s"": 0.0, ""a_exit_s"": 12.056227684020996, ""b_enter_s"": 13.86406135559082, ""b_exit_s"": 25.920289039611816, ""priority_a"": 1, ""priority_b"": 3, ""severity"": 0.7}"
2026-05-19 15:44:41,hold_at_safe_node,SIM1,26,26,1,25->23->20->22->19->17->18->4,26->25->23->20->22->19->17->10->7->1,"[17, 19, 20, 22, 23, 25]","[[19, 17], [20, 22], [22, 19], [23, 20], [25, 23]]","{""type"": ""edge_time_overlap"", ""agv_a"": ""REAL"", ""agv_b"": ""SIM1"", ""edge_a"": ""25->23"", ""edge_b"": ""25->23"", ""u"": 25, ""v"": 23, ""physical_edge"": ""23-25"", ""direction"": ""same"", ""a_enter_s"": 0.0, ""a_exit_s"": 12.056227684020996, ""b_enter_s"": 13.86406135559082, ""b_exit_s"": 25.920289039611816, ""priority_a"": 1, ""priority_b"": 3, ""severity"": 0.7}"
2026-05-19 15:44:43,hold_at_safe_node,SIM1,26,26,1,25->23->20->22->19->17->18->4,26->25->23->20->22->19->17->10->7->1,"[17, 19, 20, 22, 23, 25]","[[19, 17], [20, 22], [22, 19], [23, 20], [25, 23]]","{""type"": ""edge_time_overlap"", ""agv_a"": ""REAL"", ""agv_b"": ""SIM1"", ""edge_a"": ""25->23"", ""edge_b"": ""25->23"", ""u"": 25, ""v"": 23, ""physical_edge"": ""23-25"", ""direction"": ""same"", ""a_enter_s"": 0.0, ""a_exit_s"": 12.056227684020996, ""b_enter_s"": 13.86406135559082, ""b_exit_s"": 25.920289039611816, ""priority_a"": 1, ""priority_b"": 3, ""severity"": 0.7}"
2026-05-19 15:44:45,resume_original_goal,SIM1,26,26,1,26->25->23->20->22->19->17->10->7->1
2026-05-19 15:45:53,hold_at_safe_node,SIM1,22,22,1,18->17->10->8->3,22->19->17->10->7->1,"[3, 8, 10, 17, 18]","[[8, 3], [10, 8], [17, 10], [18, 17]]","{""type"": ""future_coordinate_distance"", ""agv_a"": ""REAL"", ""agv_b"": ""SIM1"", ""t_s"": 6.01, ""distance_m"": 0.40405956961150424, ""edge_a"": ""17->10"", ""edge_b"": ""22->19"", ""severity"": 0.8}"
2026-05-19 15:45:55,hold_at_safe_node,SIM1,22,22,1,18->17->10->8->3,22->19->17->10->7->1,"[3, 8, 10, 17, 18]","[[8, 3], [10, 8], [17, 10], [18, 17]]","{""type"": ""future_coordinate_distance"", ""agv_a"": ""REAL"", ""agv_b"": ""SIM1"", ""t_s"": 6.01, ""distance_m"": 0.40405956961150424, ""edge_a"": ""17->10"", ""edge_b"": ""22->19"", ""severity"": 0.8}"
2026-05-19 15:45:57,hold_at_safe_node,SIM1,22,22,1,18->17->10->8->3,22->19->17->10->7->1,"[3, 8, 10, 17, 18]","[[8, 3], [10, 8], [17, 10], [18, 17]]","{""type"": ""future_coordinate_distance"", ""agv_a"": ""REAL"", ""agv_b"": ""SIM1"", ""t_s"": 6.01, ""distance_m"": 0.40405956961150424, ""edge_a"": ""17->10"", ""edge_b"": ""22->19"", ""severity"": 0.8}"
2026-05-19 15:45:59,resume_original_goal,SIM1,22,22,1,22->19->17->10->7->1
2026-05-19 15:46:18,hold_at_safe_node,SIM1,19,19,1,8->9->13->11->2,19->17->10->7->1,"[2, 8, 9, 11, 13]","[[8, 9], [9, 13], [11, 2], [13, 11]]","{""type"": ""future_coordinate_distance"", ""agv_a"": ""REAL"", ""agv_b"": ""SIM1"", ""t_s"": 1.0, ""distance_m"": 1.030709929678194, ""edge_a"": ""8->9"", ""edge_b"": ""19->17"", ""severity"": 0.8}"
2026-05-19 15:46:20,hold_at_safe_node,SIM1,19,19,1,9->13->11->2,19->17->10->7->1,"[2, 9, 11, 13]","[[9, 13], [11, 2], [13, 11]]","{""type"": ""future_coordinate_distance"", ""agv_a"": ""REAL"", ""agv_b"": ""SIM1"", ""t_s"": 1.0, ""distance_m"": 1.1765770313458201, ""edge_a"": ""9->13"", ""edge_b"": ""19->17"", ""severity"": 0.8}"
2026-05-19 15:46:22,resume_original_goal,SIM1,19,19,1,19->17->10->7->1
2026-05-19 15:46:36,no_safe_node_fallback_hold,SIM1,7,1,2->11->13->9->7->1,10->7->1,"[1, 2, 7, 9, 11, 13]","[[2, 11], [7, 1], [9, 7], [11, 13], [13, 9]]","{""type"": ""future_coordinate_distance"", ""agv_a"": ""REAL"", ""agv_b"": ""SIM1"", ""t_s"": 2.0, ""distance_m"": 1.1388724327627058, ""edge_a"": ""2->11"", ""edge_b"": ""10->7"", ""severity"": 0.8}"
2026-05-19 15:46:38,no_safe_node_fallback_hold,SIM1,7,1,2->11->13->9->7->1,10->7->1,"[1, 2, 7, 9, 11, 13]","[[2, 11], [7, 1], [9, 7], [11, 13], [13, 9]]","{""type"": ""future_coordinate_distance"", ""agv_a"": ""REAL"", ""agv_b"": ""SIM1"", ""t_s"": 2.0, ""distance_m"": 1.1388724327627058, ""edge_a"": ""2->11"", ""edge_b"": ""10->7"", ""severity"": 0.8}"
2026-05-19 15:46:40,no_safe_node_fallback_hold,SIM1,7,1,2->11->13->9->7->1,10->7->1,"[1, 2, 7, 9, 11, 13]","[[2, 11], [7, 1], [9, 7], [11, 13], [13, 9]]","{""type"": ""future_coordinate_distance"", ""agv_a"": ""REAL"", ""agv_b"": ""SIM1"", ""t_s"": 2.0, ""distance_m"": 1.1388724327627058, ""edge_a"": ""2->11"", ""edge_b"": ""10->7"", ""severity"": 0.8}"
2026-05-19 15:46:42,no_safe_node_fallback_hold,SIM1,7,1,2->11->13->9->7->1,10->7->1,"[1, 2, 7, 9, 11, 13]","[[2, 11], [7, 1], [9, 7], [11, 13], [13, 9]]","{""type"": ""future_coordinate_distance"", ""agv_a"": ""REAL"", ""agv_b"": ""SIM1"", ""t_s"": 2.0, ""distance_m"": 1.1388724327627058, ""edge_a"": ""2->11"", ""edge_b"": ""10->7"", ""severity"": 0.8}"
2026-05-19 15:46:44,no_safe_node_fallback_hold,SIM1,7,1,2->11->13->9->7->1,10->7->1,"[1, 2, 7, 9, 11, 13]","[[2, 11], [7, 1], [9, 7], [11, 13], [13, 9]]","{""type"": ""future_coordinate_distance"", ""agv_a"": ""REAL"", ""agv_b"": ""SIM1"", ""t_s"": 2.0, ""distance_m"": 1.1388724327627058, ""edge_a"": ""2->11"", ""edge_b"": ""10->7"", ""severity"": 0.8}"
2026-05-19 15:46:47,no_safe_node_fallback_hold,SIM1,7,1,2->11->13->9->7->1,10->7->1,"[1, 2, 7, 9, 11, 13]","[[2, 11], [7, 1], [9, 7], [11, 13], [13, 9]]","{""type"": ""future_coordinate_distance"", ""agv_a"": ""REAL"", ""agv_b"": ""SIM1"", ""t_s"": 2.0, ""distance_m"": 1.1388724327627058, ""edge_a"": ""2->11"", ""edge_b"": ""10->7"", ""severity"": 0.8}"
2026-05-19 15:46:49,no_safe_node_fallback_hold,SIM1,7,1,2->11->13->9->7->1,10->7->1,"[1, 2, 7, 9, 11, 13]","[[2, 11], [7, 1], [9, 7], [11, 13], [13, 9]]","{""type"": ""future_coordinate_distance"", ""agv_a"": ""REAL"", ""agv_b"": ""SIM1"", ""t_s"": 2.0, ""distance_m"": 1.1388724327627058, ""edge_a"": ""2->11"", ""edge_b"": ""10->7"", ""severity"": 0.8}"
2026-05-19 15:46:51,no_safe_node_fallback_hold,SIM1,7,1,2->11->13->9->7->1,10->7->1,"[1, 2, 7, 9, 11, 13]","[[2, 11], [7, 1], [9, 7], [11, 13], [13, 9]]","{""type"": ""future_coordinate_distance"", ""agv_a"": ""REAL"", ""agv_b"": ""SIM1"", ""t_s"": 2.0, ""distance_m"": 1.1388724327627058, ""edge_a"": ""2->11"", ""edge_b"": ""10->7"", ""severity"": 0.8}"
2026-05-19 15:46:53,no_safe_node_fallback_hold,SIM1,7,1,2->11->13->9->7->1,10->7->1,"[1, 2, 7, 9, 11, 13]","[[2, 11], [7, 1], [9, 7], [11, 13], [13, 9]]","{""type"": ""future_coordinate_distance"", ""agv_a"": ""REAL"", ""agv_b"": ""SIM1"", ""t_s"": 2.0, ""distance_m"": 1.1388724327627058, ""edge_a"": ""2->11"", ""edge_b"": ""10->7"", ""severity"": 0.8}"
2026-05-19 15:46:55,no_safe_node_fallback_hold,SIM1,7,1,11->13->9->7->1,10->7->1,"[1, 7, 9, 11, 13]","[[7, 1], [9, 7], [11, 13], [13, 9]]","{""type"": ""future_coordinate_distance"", ""agv_a"": ""REAL"", ""agv_b"": ""SIM1"", ""t_s"": 1.0, ""distance_m"": 1.1368545848401024, ""edge_a"": ""11->13"", ""edge_b"": ""10->7"", ""severity"": 0.8}"
2026-05-19 15:46:57,no_safe_node_fallback_hold,SIM1,7,1,11->13->9->7->1,10->7->1,"[1, 7, 9, 11, 13]","[[7, 1], [9, 7], [11, 13], [13, 9]]","{""type"": ""future_coordinate_distance"", ""agv_a"": ""REAL"", ""agv_b"": ""SIM1"", ""t_s"": 1.0, ""distance_m"": 1.1368545848401024, ""edge_a"": ""11->13"", ""edge_b"": ""10->7"", ""severity"": 0.8}"
2026-05-19 15:46:59,no_safe_node_fallback_hold,SIM1,7,1,11->13->9->7->1,10->7->1,"[1, 7, 9, 11, 13]","[[7, 1], [9, 7], [11, 13], [13, 9]]","{""type"": ""future_coordinate_distance"", ""agv_a"": ""REAL"", ""agv_b"": ""SIM1"", ""t_s"": 1.0, ""distance_m"": 1.1368545848401024, ""edge_a"": ""11->13"", ""edge_b"": ""10->7"", ""severity"": 0.8}"
2026-05-19 15:47:01,no_safe_node_fallback_hold,SIM1,7,1,11->13->9->7->1,10->7->1,"[1, 7, 9, 11, 13]","[[7, 1], [9, 7], [11, 13], [13, 9]]","{""type"": ""future_coordinate_distance"", ""agv_a"": ""REAL"", ""agv_b"": ""SIM1"", ""t_s"": 1.0, ""distance_m"": 1.1368545848401024, ""edge_a"": ""11->13"", ""edge_b"": ""10->7"", ""severity"": 0.8}"
2026-05-19 15:47:03,no_safe_node_fallback_hold,SIM1,7,1,13->9->7->1,10->7->1,"[1, 7, 9, 13]","[[7, 1], [9, 7], [13, 9]]","{""type"": ""future_coordinate_distance"", ""agv_a"": ""REAL"", ""agv_b"": ""SIM1"", ""t_s"": 0.0, ""distance_m"": 1.050553913912613, ""edge_a"": ""13->9"", ""edge_b"": ""10->7"", ""severity"": 0.8}"
2026-05-19 15:47:05,no_safe_node_fallback_hold,SIM1,7,1,9->7->1,10->7->1,"[1, 7, 9]","[[7, 1], [9, 7]]","{""type"": ""future_coordinate_distance"", ""agv_a"": ""REAL"", ""agv_b"": ""SIM1"", ""t_s"": 0.0, ""distance_m"": 0.44447731512769034, ""edge_a"": ""9->7"", ""edge_b"": ""10->7"", ""severity"": 0.8}"
2026-05-19 15:47:07,no_safe_node_fallback_hold,SIM1,7,1,7->1,10->7->1,"[1, 7]","[[7, 1]]","{""type"": ""future_coordinate_distance"", ""agv_a"": ""REAL"", ""agv_b"": ""SIM1"", ""t_s"": 2.0, ""distance_m"": 0.9154312140695857, ""edge_a"": ""7->1"", ""edge_b"": ""10->7"", ""severity"": 0.8}"
2026-05-19 15:47:09,no_safe_node_fallback_hold,SIM1,7,1,7->1,10->7->1,"[1, 7]","[[7, 1]]","{""type"": ""future_coordinate_distance"", ""agv_a"": ""REAL"", ""agv_b"": ""SIM1"", ""t_s"": 2.0, ""distance_m"": 0.9154312140695857, ""edge_a"": ""7->1"", ""edge_b"": ""10->7"", ""severity"": 0.8}"
2026-05-19 15:47:11,no_safe_node_fallback_hold,SIM1,7,1,7->1,10->7->1,"[1, 7]","[[7, 1]]","{""type"": ""future_coordinate_distance"", ""agv_a"": ""REAL"", ""agv_b"": ""SIM1"", ""t_s"": 2.0, ""distance_m"": 0.9154312140695857, ""edge_a"": ""7->1"", ""edge_b"": ""10->7"", ""severity"": 0.8}"
2026-05-19 15:47:13,no_safe_node_fallback_hold,SIM1,7,1,7->1,10->7->1,"[1, 7]","[[7, 1]]","{""type"": ""future_coordinate_distance"", ""agv_a"": ""REAL"", ""agv_b"": ""SIM1"", ""t_s"": 2.0, ""distance_m"": 0.9154312140695857, ""edge_a"": ""7->1"", ""edge_b"": ""10->7"", ""severity"": 0.8}"
2026-05-19 15:47:15,no_safe_node_fallback_hold,SIM1,7,1,7->1,10->7->1,"[1, 7]","[[7, 1]]","{""type"": ""future_coordinate_distance"", ""agv_a"": ""REAL"", ""agv_b"": ""SIM1"", ""t_s"": 2.0, ""distance_m"": 0.9154312140695857, ""edge_a"": ""7->1"", ""edge_b"": ""10->7"", ""severity"": 0.8}"
2026-05-19 15:47:19,no_safe_node_fallback_hold,SIM1,7,1,1->7->10->17->19->22->20->23->24->30->32->35->33->6,7->1,"[1, 7, 10, 17, 19, 22]","[[1, 7], [7, 10], [10, 17], [17, 19], [19, 22]]","{""type"": ""edge_time_overlap"", ""agv_a"": ""REAL"", ""agv_b"": ""SIM1"", ""edge_a"": ""1->7"", ""edge_b"": ""7->1"", ""u"": 1, ""v"": 7, ""physical_edge"": ""1-7"", ""direction"": ""opposite"", ""a_enter_s"": 0.0, ""a_exit_s"": 16.23548126220703, ""b_enter_s"": 0.0, ""b_exit_s"": 10.99221420288086, ""priority_a"": 1, ""priority_b"": 3, ""severity"": 1.0}"
2026-05-19 15:47:21,no_safe_node_fallback_hold,SIM1,7,1,1->7->10->17->19->22->20->23->24->30->32->35->33->6,7->1,"[1, 7, 10, 17, 19, 22]","[[1, 7], [7, 10], [10, 17], [17, 19], [19, 22]]","{""type"": ""edge_time_overlap"", ""agv_a"": ""REAL"", ""agv_b"": ""SIM1"", ""edge_a"": ""1->7"", ""edge_b"": ""7->1"", ""u"": 1, ""v"": 7, ""physical_edge"": ""1-7"", ""direction"": ""opposite"", ""a_enter_s"": 0.0, ""a_exit_s"": 16.23548126220703, ""b_enter_s"": 0.0, ""b_exit_s"": 10.99221420288086, ""priority_a"": 1, ""priority_b"": 3, ""severity"": 1.0}"
2026-05-19 15:47:23,no_safe_node_fallback_hold,SIM1,7,1,1->7->10->17->19->22->20->23->24->30->32->35->33->6,7->1,"[1, 7, 10, 17, 19, 22]","[[1, 7], [7, 10], [10, 17], [17, 19], [19, 22]]","{""type"": ""edge_time_overlap"", ""agv_a"": ""REAL"", ""agv_b"": ""SIM1"", ""edge_a"": ""1->7"", ""edge_b"": ""7->1"", ""u"": 1, ""v"": 7, ""physical_edge"": ""1-7"", ""direction"": ""opposite"", ""a_enter_s"": 0.0, ""a_exit_s"": 16.23548126220703, ""b_enter_s"": 0.0, ""b_exit_s"": 10.99221420288086, ""priority_a"": 1, ""priority_b"": 3, ""severity"": 1.0}"
2026-05-19 15:47:25,no_safe_node_fallback_hold,SIM1,7,1,1->7->10->17->19->22->20->23->24->30->32->35->33->6,7->1,"[1, 7, 10, 17, 19, 22]","[[1, 7], [7, 10], [10, 17], [17, 19], [19, 22]]","{""type"": ""edge_time_overlap"", ""agv_a"": ""REAL"", ""agv_b"": ""SIM1"", ""edge_a"": ""1->7"", ""edge_b"": ""7->1"", ""u"": 1, ""v"": 7, ""physical_edge"": ""1-7"", ""direction"": ""opposite"", ""a_enter_s"": 0.0, ""a_exit_s"": 16.23548126220703, ""b_enter_s"": 0.0, ""b_exit_s"": 10.99221420288086, ""priority_a"": 1, ""priority_b"": 3, ""severity"": 1.0}"
2026-05-19 15:47:27,no_safe_node_fallback_hold,SIM1,7,1,1->7->10->17->19->22->20->23->24->30->32->35->33->6,7->1,"[1, 7, 10, 17, 19, 22]","[[1, 7], [7, 10], [10, 17], [17, 19], [19, 22]]","{""type"": ""edge_time_overlap"", ""agv_a"": ""REAL"", ""agv_b"": ""SIM1"", ""edge_a"": ""1->7"", ""edge_b"": ""7->1"", ""u"": 1, ""v"": 7, ""physical_edge"": ""1-7"", ""direction"": ""opposite"", ""a_enter_s"": 0.0, ""a_exit_s"": 16.23548126220703, ""b_enter_s"": 0.0, ""b_exit_s"": 10.99221420288086, ""priority_a"": 1, ""priority_b"": 3, ""severity"": 1.0}"
2026-05-19 15:47:29,no_safe_node_fallback_hold,SIM1,7,1,1->7->10->17->19->22->20->23->24->30->32->35->33->6,7->1,"[1, 7, 10, 17, 19, 22]","[[1, 7], [7, 10], [10, 17], [17, 19], [19, 22]]","{""type"": ""edge_time_overlap"", ""agv_a"": ""REAL"", ""agv_b"": ""SIM1"", ""edge_a"": ""1->7"", ""edge_b"": ""7->1"", ""u"": 1, ""v"": 7, ""physical_edge"": ""1-7"", ""direction"": ""opposite"", ""a_enter_s"": 0.0, ""a_exit_s"": 16.23548126220703, ""b_enter_s"": 0.0, ""b_exit_s"": 10.99221420288086, ""priority_a"": 1, ""priority_b"": 3, ""severity"": 1.0}"
2026-05-19 15:47:31,no_safe_node_fallback_hold,SIM1,7,1,1->7->10->17->19->22->20->23->24->30->32->35->33->6,7->1,"[1, 7, 10, 17, 19, 22]","[[1, 7], [7, 10], [10, 17], [17, 19], [19, 22]]","{""type"": ""edge_time_overlap"", ""agv_a"": ""REAL"", ""agv_b"": ""SIM1"", ""edge_a"": ""1->7"", ""edge_b"": ""7->1"", ""u"": 1, ""v"": 7, ""physical_edge"": ""1-7"", ""direction"": ""opposite"", ""a_enter_s"": 0.0, ""a_exit_s"": 16.23548126220703, ""b_enter_s"": 0.0, ""b_exit_s"": 10.99221420288086, ""priority_a"": 1, ""priority_b"": 3, ""severity"": 1.0}"
2026-05-19 15:47:33,no_safe_node_fallback_hold,SIM1,7,1,1->7->10->17->19->22->20->23->24->30->32->35->33->6,7->1,"[1, 7, 10, 17, 19, 22]","[[1, 7], [7, 10], [10, 17], [17, 19], [19, 22]]","{""type"": ""edge_time_overlap"", ""agv_a"": ""REAL"", ""agv_b"": ""SIM1"", ""edge_a"": ""1->7"", ""edge_b"": ""7->1"", ""u"": 1, ""v"": 7, ""physical_edge"": ""1-7"", ""direction"": ""opposite"", ""a_enter_s"": 0.0, ""a_exit_s"": 16.23548126220703, ""b_enter_s"": 0.0, ""b_exit_s"": 10.99221420288086, ""priority_a"": 1, ""priority_b"": 3, ""severity"": 1.0}"
2026-05-19 15:47:35,no_safe_node_fallback_hold,SIM1,7,1,1->7->10->17->19->22->20->23->24->30->32->35->33->6,7->1,"[1, 7, 10, 17, 19, 22]","[[1, 7], [7, 10], [10, 17], [17, 19], [19, 22]]","{""type"": ""edge_time_overlap"", ""agv_a"": ""REAL"", ""agv_b"": ""SIM1"", ""edge_a"": ""1->7"", ""edge_b"": ""7->1"", ""u"": 1, ""v"": 7, ""physical_edge"": ""1-7"", ""direction"": ""opposite"", ""a_enter_s"": 0.0, ""a_exit_s"": 16.23548126220703, ""b_enter_s"": 0.0, ""b_exit_s"": 10.99221420288086, ""priority_a"": 1, ""priority_b"": 3, ""severity"": 1.0}"
2026-05-19 15:47:37,no_safe_node_fallback_hold,SIM1,7,1,7->10->17->19->22->20->23->24->30->32->35->33->6,7->1,"[7, 10, 17, 19, 20, 22]","[[7, 10], [10, 17], [17, 19], [19, 22], [22, 20]]","{""type"": ""future_coordinate_distance"", ""agv_a"": ""REAL"", ""agv_b"": ""SIM1"", ""t_s"": 0.0, ""distance_m"": 0.6931834558635394, ""edge_a"": ""7->10"", ""edge_b"": ""7->1"", ""severity"": 0.8}"
2026-05-19 15:47:39,no_safe_node_fallback_hold,SIM1,7,1,7->10->17->19->22->20->23->24->30->32->35->33->6,7->1,"[7, 10, 17, 19, 20, 22]","[[7, 10], [10, 17], [17, 19], [19, 22], [22, 20]]","{""type"": ""future_coordinate_distance"", ""agv_a"": ""REAL"", ""agv_b"": ""SIM1"", ""t_s"": 0.0, ""distance_m"": 0.6931834558635394, ""edge_a"": ""7->10"", ""edge_b"": ""7->1"", ""severity"": 0.8}"
2026-05-19 15:47:41,no_safe_node_fallback_hold,SIM1,7,1,7->10->17->19->22->20->23->24->30->32->35->33->6,7->1,"[7, 10, 17, 19, 20, 22]","[[7, 10], [10, 17], [17, 19], [19, 22], [22, 20]]","{""type"": ""future_coordinate_distance"", ""agv_a"": ""REAL"", ""agv_b"": ""SIM1"", ""t_s"": 0.0, ""distance_m"": 0.6931834558635394, ""edge_a"": ""7->10"", ""edge_b"": ""7->1"", ""severity"": 0.8}"
2026-05-19 15:47:43,no_safe_node_fallback_hold,SIM1,7,1,7->10->17->19->22->20->23->24->30->32->35->33->6,7->1,"[7, 10, 17, 19, 20, 22]","[[7, 10], [10, 17], [17, 19], [19, 22], [22, 20]]","{""type"": ""future_coordinate_distance"", ""agv_a"": ""REAL"", ""agv_b"": ""SIM1"", ""t_s"": 0.0, ""distance_m"": 0.6931834558635394, ""edge_a"": ""7->10"", ""edge_b"": ""7->1"", ""severity"": 0.8}"
2026-05-19 15:50:11,no_safe_node_fallback_hold,SIM1,22,5,23->20->22->19->17->18->4,22->20->23->25->26->29->5,"[17, 18, 19, 20, 22, 23]","[[17, 18], [19, 17], [20, 22], [22, 19], [23, 20]]","{""type"": ""edge_time_overlap"", ""agv_a"": ""REAL"", ""agv_b"": ""SIM1"", ""edge_a"": ""23->20"", ""edge_b"": ""20->23"", ""u"": 23, ""v"": 20, ""physical_edge"": ""20-23"", ""direction"": ""opposite"", ""a_enter_s"": 0.0, ""a_exit_s"": 11.61013412475586, ""b_enter_s"": 12.391226768493652, ""b_exit_s"": 24.508875846862793, ""priority_a"": 1, ""priority_b"": 3, ""severity"": 1.0}"
2026-05-19 15:50:13,no_safe_node_fallback_hold,SIM1,22,5,23->20->22->19->17->18->4,22->20->23->25->26->29->5,"[17, 18, 19, 20, 22, 23]","[[17, 18], [19, 17], [20, 22], [22, 19], [23, 20]]","{""type"": ""edge_time_overlap"", ""agv_a"": ""REAL"", ""agv_b"": ""SIM1"", ""edge_a"": ""23->20"", ""edge_b"": ""20->23"", ""u"": 23, ""v"": 20, ""physical_edge"": ""20-23"", ""direction"": ""opposite"", ""a_enter_s"": 0.0, ""a_exit_s"": 11.61013412475586, ""b_enter_s"": 12.391226768493652, ""b_exit_s"": 24.508875846862793, ""priority_a"": 1, ""priority_b"": 3, ""severity"": 1.0}"
2026-05-19 15:50:15,no_safe_node_fallback_hold,SIM1,22,5,23->20->22->19->17->18->4,22->20->23->25->26->29->5,"[17, 18, 19, 20, 22, 23]","[[17, 18], [19, 17], [20, 22], [22, 19], [23, 20]]","{""type"": ""edge_time_overlap"", ""agv_a"": ""REAL"", ""agv_b"": ""SIM1"", ""edge_a"": ""23->20"", ""edge_b"": ""20->23"", ""u"": 23, ""v"": 20, ""physical_edge"": ""20-23"", ""direction"": ""opposite"", ""a_enter_s"": 0.0, ""a_exit_s"": 11.61013412475586, ""b_enter_s"": 12.391226768493652, ""b_exit_s"": 24.508875846862793, ""priority_a"": 1, ""priority_b"": 3, ""severity"": 1.0}"
2026-05-19 15:50:17,no_safe_node_fallback_hold,SIM1,22,5,23->20->22->19->17->18->4,22->20->23->25->26->29->5,"[17, 18, 19, 20, 22, 23]","[[17, 18], [19, 17], [20, 22], [22, 19], [23, 20]]","{""type"": ""edge_time_overlap"", ""agv_a"": ""REAL"", ""agv_b"": ""SIM1"", ""edge_a"": ""23->20"", ""edge_b"": ""20->23"", ""u"": 23, ""v"": 20, ""physical_edge"": ""20-23"", ""direction"": ""opposite"", ""a_enter_s"": 0.0, ""a_exit_s"": 11.61013412475586, ""b_enter_s"": 12.391226768493652, ""b_exit_s"": 24.508875846862793, ""priority_a"": 1, ""priority_b"": 3, ""severity"": 1.0}"
2026-05-19 15:50:18,no_safe_node_fallback_hold,SIM1,22,5,23->20->22->19->17->18->4,22->20->23->25->26->29->5,"[17, 18, 19, 20, 22, 23]","[[17, 18], [19, 17], [20, 22], [22, 19], [23, 20]]","{""type"": ""edge_time_overlap"", ""agv_a"": ""REAL"", ""agv_b"": ""SIM1"", ""edge_a"": ""23->20"", ""edge_b"": ""20->23"", ""u"": 23, ""v"": 20, ""physical_edge"": ""20-23"", ""direction"": ""opposite"", ""a_enter_s"": 0.0, ""a_exit_s"": 11.61013412475586, ""b_enter_s"": 12.391226768493652, ""b_exit_s"": 24.508875846862793, ""priority_a"": 1, ""priority_b"": 3, ""severity"": 1.0}"
2026-05-19 15:50:22,no_safe_node_fallback_hold,SIM1,22,5,20->22->19->17->18->4,22->20->23->25->26->29->5,"[4, 17, 18, 19, 20, 22]","[[17, 18], [18, 4], [19, 17], [20, 22], [22, 19]]","{""type"": ""edge_time_overlap"", ""agv_a"": ""REAL"", ""agv_b"": ""SIM1"", ""edge_a"": ""20->22"", ""edge_b"": ""22->20"", ""u"": 20, ""v"": 22, ""physical_edge"": ""20-22"", ""direction"": ""opposite"", ""a_enter_s"": 0.0, ""a_exit_s"": 9.05349063873291, ""b_enter_s"": 0.0, ""b_exit_s"": 12.391226768493652, ""priority_a"": 1, ""priority_b"": 3, ""severity"": 1.0}"
2026-05-19 15:50:32,no_safe_node_fallback_hold,SIM1,20,5,20->22->19->17->18->4,20->23->25->26->29->5,"[4, 17, 18, 19, 20, 22]","[[17, 18], [18, 4], [19, 17], [20, 22], [22, 19]]","{""type"": ""future_coordinate_distance"", ""agv_a"": ""REAL"", ""agv_b"": ""SIM1"", ""t_s"": 0.0, ""distance_m"": 0.2047169527412095, ""edge_a"": ""20->22"", ""edge_b"": ""20->23"", ""severity"": 0.8}"
2026-05-19 15:50:34,no_safe_node_fallback_hold,SIM1,20,5,20->22->19->17->18->4,20->23->25->26->29->5,"[4, 17, 18, 19, 20, 22]","[[17, 18], [18, 4], [19, 17], [20, 22], [22, 19]]","{""type"": ""future_coordinate_distance"", ""agv_a"": ""REAL"", ""agv_b"": ""SIM1"", ""t_s"": 0.0, ""distance_m"": 0.2047169527412095, ""edge_a"": ""20->22"", ""edge_b"": ""20->23"", ""severity"": 0.8}"
2026-05-19 15:50:36,no_safe_node_fallback_hold,SIM1,20,5,20->22->19->17->18->4,20->23->25->26->29->5,"[4, 17, 18, 19, 20, 22]","[[17, 18], [18, 4], [19, 17], [20, 22], [22, 19]]","{""type"": ""future_coordinate_distance"", ""agv_a"": ""REAL"", ""agv_b"": ""SIM1"", ""t_s"": 0.0, ""distance_m"": 0.2047169527412095, ""edge_a"": ""20->22"", ""edge_b"": ""20->23"", ""severity"": 0.8}"
2026-05-19 15:50:38,no_safe_node_fallback_hold,SIM1,20,5,20->22->19->17->18->4,20->23->25->26->29->5,"[4, 17, 18, 19, 20, 22]","[[17, 18], [18, 4], [19, 17], [20, 22], [22, 19]]","{""type"": ""future_coordinate_distance"", ""agv_a"": ""REAL"", ""agv_b"": ""SIM1"", ""t_s"": 0.0, ""distance_m"": 0.2047169527412095, ""edge_a"": ""20->22"", ""edge_b"": ""20->23"", ""severity"": 0.8}"
